run_id,physical_case,representation,model_label,trained_objective,checkpoint_iteration,objective,evaluation_state,support,state_indices,value,history_kind,fitted_objective,checkpoint_parameter_pytree_sha256,checkpoint_path
t2b-a-m2x-independent,Test 2B,A,M2-X-independent,M2-X,0,J_M2_X,X_n*,TRAINING TRUTH SUPPORT,0..80,1.1339584444721977,POST-HOC FIXED-MAP CHECKPOINT EVALUATION,True,6d4ac7bafe775b90a70e2a199ef3305308c3d02333f7daeac1c870b6f18e0975,/Users/arjunsharma/Documents/SandiaProjects/4-LDRDAMDIS/DIMSWE-study-d0eb615/external-results/test2b-rain-active-learning/production/representation-A/m2x-seed0-m20-10k/checkpoint_000000000_parameters.npz
t2b-a-m2x-independent,Test 2B,A,M2-X-independent,M2-X,1,J_M2_X,X_n*,TRAINING TRUTH SUPPORT,0..80,0.915654176294694,POST-HOC FIXED-MAP CHECKPOINT EVALUATION,True,9ceebe6c9ec51f78c523296defeaff330803210c5574cf9e81b73ad26eb7c336,/Users/arjunsharma/Documents/SandiaProjects/4-LDRDAMDIS/DIMSWE-study-d0eb615/external-results/test2b-rain-active-learning/production/representation-A/m2x-seed0-m20-10k/checkpoint_000000001_parameters.npz
t2b-a-m2x-independent,Test 2B,A,M2-X-independent,M2-X,5,J_M2_X,X_n*,TRAINING TRUTH SUPPORT,0..80,0.3948557597915728,POST-HOC FIXED-MAP CHECKPOINT EVALUATION,True,94c947fe03d2a2420f11674b8edd6983229676d049c48a63ee459a7e31809666,/Users/arjunsharma/Documents/SandiaProjects/4-LDRDAMDIS/DIMSWE-study-d0eb615/external-results/test2b-rain-active-learning/production/representation-A/m2x-seed0-m20-10k/checkpoint_000000005_parameters.npz
t2b-a-m2x-independent,Test 2B,A,M2-X-independent,M2-X,10,J_M2_X,X_n*,TRAINING TRUTH SUPPORT,0..80,0.19591031754165772,POST-HOC FIXED-MAP CHECKPOINT EVALUATION,True,1fafe1530441fa37c963ef6800d51a1cbb8a1551326fbae0c304cc1c4862293c,/Users/arjunsharma/Documents/SandiaProjects/4-LDRDAMDIS/DIMSWE-study-d0eb615/external-results/test2b-rain-active-learning/production/representation-A/m2x-seed0-m20-10k/checkpoint_000000010_parameters.npz
t2b-a-m2x-independent,Test 2B,A,M2-X-independent,M2-X,20,J_M2_X,X_n*,TRAINING TRUTH SUPPORT,0..80,0.10157640672120503,POST-HOC FIXED-MAP CHECKPOINT EVALUATION,True,ec7d7abaaee4c1fc82336868436e2762251db29363b4b6900d6dd804ae6c06d6,/Users/arjunsharma/Documents/SandiaProjects/4-LDRDAMDIS/DIMSWE-study-d0eb615/external-results/test2b-rain-active-learning/production/representation-A/m2x-seed0-m20-10k/checkpoint_000000020_parameters.npz
t2b-a-m2x-independent,Test 2B,A,M2-X-independent,M2-X,100,J_M2_X,X_n*,TRAINING TRUTH SUPPORT,0..80,0.003982200657610181,POST-HOC FIXED-MAP CHECKPOINT EVALUATION,True,2abc5d200b33f00eadb9a08c912506203511eec3bcb7defc0a80abec59eb998c,/Users/arjunsharma/Documents/SandiaProjects/4-LDRDAMDIS/DIMSWE-study-d0eb615/external-results/test2b-rain-active-learning/production/representation-A/m2x-seed0-m20-10k/checkpoint_000000100_parameters.npz
t2b-a-m2x-independent,Test 2B,A,M2-X-independent,M2-X,500,J_M2_X,X_n*,TRAINING TRUTH SUPPORT,0..80,0.00011700782323104152,POST-HOC FIXED-MAP CHECKPOINT EVALUATION,True,28e05d2ab30e6651bc07161117006c3badedd338084ce9056d233c61496feb2c,/Users/arjunsharma/Documents/SandiaProjects/4-LDRDAMDIS/DIMSWE-study-d0eb615/external-results/test2b-rain-active-learning/production/representation-A/m2x-seed0-m20-10k/checkpoint_000000500_parameters.npz
t2b-a-m2x-independent,Test 2B,A,M2-X-independent,M2-X,1000,J_M2_X,X_n*,TRAINING TRUTH SUPPORT,0..80,0.00010024156215065521,POST-HOC FIXED-MAP CHECKPOINT EVALUATION,True,6bdcb31000807366d9a1f04a7444623a1b6ca310e2de2db4ca9aba16c6d03c75,/Users/arjunsharma/Documents/SandiaProjects/4-LDRDAMDIS/DIMSWE-study-d0eb615/external-results/test2b-rain-active-learning/production/representation-A/m2x-seed0-m20-10k/checkpoint_000001000_parameters.npz
t2b-a-m2x-independent,Test 2B,A,M2-X-independent,M2-X,5000,J_M2_X,X_n*,TRAINING TRUTH SUPPORT,0..80,5.955732951270237e-05,POST-HOC FIXED-MAP CHECKPOINT EVALUATION,True,3dc7559e33161bcf422059175c754b95f9efc533914f232959328bfaba8b4136,/Users/arjunsharma/Documents/SandiaProjects/4-LDRDAMDIS/DIMSWE-study-d0eb615/external-results/test2b-rain-active-learning/production/representation-A/m2x-seed0-m20-10k/checkpoint_000005000_parameters.npz
t2b-a-m2x-independent,Test 2B,A,M2-X-independent,M2-X,10000,J_M2_X,X_n*,TRAINING TRUTH SUPPORT,0..80,1.864768212896724e-05,POST-HOC FIXED-MAP CHECKPOINT EVALUATION,True,aca1a5810b1f74516bdb26ae902780050929c3e06238795a6301371491dc3652,/Users/arjunsharma/Documents/SandiaProjects/4-LDRDAMDIS/DIMSWE-study-d0eb615/external-results/test2b-rain-active-learning/production/representation-A/m2x-seed0-m20-10k/checkpoint_000010000_parameters.npz
t2b-a-m2x-warm,Test 2B,A,warm M2-X,M2-X,0,J_M2_X,X_n*,TRAINING TRUTH SUPPORT,0..80,1.8351103190537455e-05,POST-HOC FIXED-MAP CHECKPOINT EVALUATION,True,471f3ac8a9b84f68bbe14bdc7dee62e3a025ac5cf61503db6644d5a1fa1bb506,/Users/arjunsharma/Documents/SandiaProjects/4-LDRDAMDIS/DIMSWE-study-d0eb615/external-results/test2b-rain-active-learning/production/representation-A/m1-to-m2x-m20-5k/checkpoint_000000000_parameters.npz
t2b-a-m2x-warm,Test 2B,A,warm M2-X,M2-X,1,J_M2_X,X_n*,TRAINING TRUTH SUPPORT,0..80,1.835079716689335e-05,POST-HOC FIXED-MAP CHECKPOINT EVALUATION,True,f06c6876e7a6dac67fa033b66f3954ea0107a983f15a32470a08c8eb5c173a14,/Users/arjunsharma/Documents/SandiaProjects/4-LDRDAMDIS/DIMSWE-study-d0eb615/external-results/test2b-rain-active-learning/production/representation-A/m1-to-m2x-m20-5k/checkpoint_000000001_parameters.npz
t2b-a-m2x-warm,Test 2B,A,warm M2-X,M2-X,5,J_M2_X,X_n*,TRAINING TRUTH SUPPORT,0..80,1.8348950976734146e-05,POST-HOC FIXED-MAP CHECKPOINT EVALUATION,True,818f905737163916df046650b0e39f7a0be6231be94506e3cb0f33b5a80f8ccc,/Users/arjunsharma/Documents/SandiaProjects/4-LDRDAMDIS/DIMSWE-study-d0eb615/external-results/test2b-rain-active-learning/production/representation-A/m1-to-m2x-m20-5k/checkpoint_000000005_parameters.npz
t2b-a-m2x-warm,Test 2B,A,warm M2-X,M2-X,10,J_M2_X,X_n*,TRAINING TRUTH SUPPORT,0..80,1.8343692653124165e-05,POST-HOC FIXED-MAP CHECKPOINT EVALUATION,True,3825116f841a93184a93e30c34edde64cc0e251fe2c2cb099fe8d7b2423b9a33,/Users/arjunsharma/Documents/SandiaProjects/4-LDRDAMDIS/DIMSWE-study-d0eb615/external-results/test2b-rain-active-learning/production/representation-A/m1-to-m2x-m20-5k/checkpoint_000000010_parameters.npz
t2b-a-m2x-warm,Test 2B,A,warm M2-X,M2-X,20,J_M2_X,X_n*,TRAINING TRUTH SUPPORT,0..80,1.8328669145213768e-05,POST-HOC FIXED-MAP CHECKPOINT EVALUATION,True,bfde03182b32f54ca94afaba6b1e8839db730d601cd328426163e994419bde31,/Users/arjunsharma/Documents/SandiaProjects/4-LDRDAMDIS/DIMSWE-study-d0eb615/external-results/test2b-rain-active-learning/production/representation-A/m1-to-m2x-m20-5k/checkpoint_000000020_parameters.npz
t2b-a-m2x-warm,Test 2B,A,warm M2-X,M2-X,100,J_M2_X,X_n*,TRAINING TRUTH SUPPORT,0..80,1.8232826839798473e-05,POST-HOC FIXED-MAP CHECKPOINT EVALUATION,True,893ae6da8d3797b8d24ca032fb86c06b7e3e9cdf7a4918f2293d38ce5b4b2884,/Users/arjunsharma/Documents/SandiaProjects/4-LDRDAMDIS/DIMSWE-study-d0eb615/external-results/test2b-rain-active-learning/production/representation-A/m1-to-m2x-m20-5k/checkpoint_000000100_parameters.npz
t2b-a-m2x-warm,Test 2B,A,warm M2-X,M2-X,500,J_M2_X,X_n*,TRAINING TRUTH SUPPORT,0..80,1.8039351512409557e-05,POST-HOC FIXED-MAP CHECKPOINT EVALUATION,True,cc6165e60740926b294926a4e1e15a47b91aa7a494b26b425971a693d5ea26fa,/Users/arjunsharma/Documents/SandiaProjects/4-LDRDAMDIS/DIMSWE-study-d0eb615/external-results/test2b-rain-active-learning/production/representation-A/m1-to-m2x-m20-5k/checkpoint_000000500_parameters.npz
t2b-a-m2x-warm,Test 2B,A,warm M2-X,M2-X,1000,J_M2_X,X_n*,TRAINING TRUTH SUPPORT,0..80,1.7747369979476568e-05,POST-HOC FIXED-MAP CHECKPOINT EVALUATION,True,9ab95f056ac5305f11c8a6937b9d6611a9bdc92531acf1fbc559bf4ba6dbc60c,/Users/arjunsharma/Documents/SandiaProjects/4-LDRDAMDIS/DIMSWE-study-d0eb615/external-results/test2b-rain-active-learning/production/representation-A/m1-to-m2x-m20-5k/checkpoint_000001000_parameters.npz
t2b-a-m2x-warm,Test 2B,A,warm M2-X,M2-X,5000,J_M2_X,X_n*,TRAINING TRUTH SUPPORT,0..80,1.4875848850968718e-05,POST-HOC FIXED-MAP CHECKPOINT EVALUATION,True,0cf7dc9036c84c6ac3a78cf7e16cfa56fb7eb985ba7f460e3dccb139bb826d3e,/Users/arjunsharma/Documents/SandiaProjects/4-LDRDAMDIS/DIMSWE-study-d0eb615/external-results/test2b-rain-active-learning/production/representation-A/m1-to-m2x-m20-5k/checkpoint_000005000_parameters.npz
t2b-a-h1,Test 2B,A,H1,H1,0,J_H1,Y_n*=P(X_n*),TRAINING TRUTH SUPPORT,0..79,0.0001770084405503909,POST-HOC FIXED-MAP CHECKPOINT EVALUATION,True,471f3ac8a9b84f68bbe14bdc7dee62e3a025ac5cf61503db6644d5a1fa1bb506,/Users/arjunsharma/Documents/SandiaProjects/4-LDRDAMDIS/DIMSWE-study-d0eb615/external-results/test2b-rain-active-learning/production/representation-A/h1-from-m1-m20-5k/checkpoint_000000000_parameters.npz
t2b-a-h1,Test 2B,A,H1,H1,1,J_H1,Y_n*=P(X_n*),TRAINING TRUTH SUPPORT,0..79,0.0001611773152305664,POST-HOC FIXED-MAP CHECKPOINT EVALUATION,True,a6b55978819b13f2e2912224a40088e464f5218ae2368e7825a0865e8b1938f2,/Users/arjunsharma/Documents/SandiaProjects/4-LDRDAMDIS/DIMSWE-study-d0eb615/external-results/test2b-rain-active-learning/production/representation-A/h1-from-m1-m20-5k/checkpoint_000000001_parameters.npz
t2b-a-h1,Test 2B,A,H1,H1,5,J_H1,Y_n*=P(X_n*),TRAINING TRUTH SUPPORT,0..79,0.00013180990372557946,POST-HOC FIXED-MAP CHECKPOINT EVALUATION,True,03d167c349be32bc738c53a7cf4a622f7d46194543bf0e7c72b90e95ee8261e1,/Users/arjunsharma/Documents/SandiaProjects/4-LDRDAMDIS/DIMSWE-study-d0eb615/external-results/test2b-rain-active-learning/production/representation-A/h1-from-m1-m20-5k/checkpoint_000000005_parameters.npz
t2b-a-h1,Test 2B,A,H1,H1,10,J_H1,Y_n*=P(X_n*),TRAINING TRUTH SUPPORT,0..79,0.00010099104563297526,POST-HOC FIXED-MAP CHECKPOINT EVALUATION,True,4da79d222a095588520d7b378841b4e1d13ff73d97830d0fc1d5ead42c90336e,/Users/arjunsharma/Documents/SandiaProjects/4-LDRDAMDIS/DIMSWE-study-d0eb615/external-results/test2b-rain-active-learning/production/representation-A/h1-from-m1-m20-5k/checkpoint_000000010_parameters.npz
t2b-a-h1,Test 2B,A,H1,H1,20,J_H1,Y_n*=P(X_n*),TRAINING TRUTH SUPPORT,0..79,8.634996929814507e-05,POST-HOC FIXED-MAP CHECKPOINT EVALUATION,True,b9ce6231200bfac508f013ed895876f66efb68014e8b7a627aa40a429d0365a6,/Users/arjunsharma/Documents/SandiaProjects/4-LDRDAMDIS/DIMSWE-study-d0eb615/external-results/test2b-rain-active-learning/production/representation-A/h1-from-m1-m20-5k/checkpoint_000000020_parameters.npz
t2b-a-h1,Test 2B,A,H1,H1,100,J_H1,Y_n*=P(X_n*),TRAINING TRUTH SUPPORT,0..79,6.27323669818677e-05,POST-HOC FIXED-MAP CHECKPOINT EVALUATION,True,a4df230205b08db5b0d5fc4bf34d462e3f3b088c5672e1d87cdb59bd2de205dd,/Users/arjunsharma/Documents/SandiaProjects/4-LDRDAMDIS/DIMSWE-study-d0eb615/external-results/test2b-rain-active-learning/production/representation-A/h1-from-m1-m20-5k/checkpoint_000000100_parameters.npz
t2b-a-h1,Test 2B,A,H1,H1,500,J_H1,Y_n*=P(X_n*),TRAINING TRUTH SUPPORT,0..79,5.2182408479248794e-05,POST-HOC FIXED-MAP CHECKPOINT EVALUATION,True,7b86597a0db7f191e1588c12187d14ae6a935e1ef129f9ac6c44bd980d29923e,/Users/arjunsharma/Documents/SandiaProjects/4-LDRDAMDIS/DIMSWE-study-d0eb615/external-results/test2b-rain-active-learning/production/representation-A/h1-from-m1-m20-5k/checkpoint_000000500_parameters.npz
t2b-a-h1,Test 2B,A,H1,H1,1000,J_H1,Y_n*=P(X_n*),TRAINING TRUTH SUPPORT,0..79,4.7943896386394376e-05,POST-HOC FIXED-MAP CHECKPOINT EVALUATION,True,d45671a935ffb634a8815ea045af390d0eb69ba1ba7a22a48a545385f5cbc495,/Users/arjunsharma/Documents/SandiaProjects/4-LDRDAMDIS/DIMSWE-study-d0eb615/external-results/test2b-rain-active-learning/production/representation-A/h1-from-m1-m20-5k/checkpoint_000001000_parameters.npz
t2b-a-h1,Test 2B,A,H1,H1,5000,J_H1,Y_n*=P(X_n*),TRAINING TRUTH SUPPORT,0..79,3.001818343501887e-05,POST-HOC FIXED-MAP CHECKPOINT EVALUATION,True,73f39ca1e345256157890f7c918ac41a43684262e4ad11c9465bd35706b16f83,/Users/arjunsharma/Documents/SandiaProjects/4-LDRDAMDIS/DIMSWE-study-d0eb615/external-results/test2b-rain-active-learning/production/representation-A/h1-from-m1-m20-5k/checkpoint_000005000_parameters.npz
t2b-b-m2x-independent,Test 2B,B,M2-X-independent,M2-X,0,J_M2_X,X_n*,TRAINING TRUTH SUPPORT,0..80,0.9351960271502675,POST-HOC FIXED-MAP CHECKPOINT EVALUATION,True,cfadd9f3ee02a78c5b3a946b88c039d9f7ed34e719325ff22c92e1fe4afac056,/Users/arjunsharma/Documents/SandiaProjects/4-LDRDAMDIS/DIMSWE-study-d0eb615/external-results/test2b-rain-active-learning/production/representation-B/m2x-seed0-m20-10k/checkpoint_000000000_parameters.npz
t2b-b-m2x-independent,Test 2B,B,M2-X-independent,M2-X,1,J_M2_X,X_n*,TRAINING TRUTH SUPPORT,0..80,0.7366505472402304,POST-HOC FIXED-MAP CHECKPOINT EVALUATION,True,b72770a50e619b860ce548c1de920cb7006472bdaac5681bdf66a9d5b19f73de,/Users/arjunsharma/Documents/SandiaProjects/4-LDRDAMDIS/DIMSWE-study-d0eb615/external-results/test2b-rain-active-learning/production/representation-B/m2x-seed0-m20-10k/checkpoint_000000001_parameters.npz
t2b-b-m2x-independent,Test 2B,B,M2-X-independent,M2-X,5,J_M2_X,X_n*,TRAINING TRUTH SUPPORT,0..80,0.3393953355734343,POST-HOC FIXED-MAP CHECKPOINT EVALUATION,True,473811d8d48da1778d25f436ffac3d5379fb42aef0183cfed4d9d45e24986266,/Users/arjunsharma/Documents/SandiaProjects/4-LDRDAMDIS/DIMSWE-study-d0eb615/external-results/test2b-rain-active-learning/production/representation-B/m2x-seed0-m20-10k/checkpoint_000000005_parameters.npz
t2b-b-m2x-independent,Test 2B,B,M2-X-independent,M2-X,10,J_M2_X,X_n*,TRAINING TRUTH SUPPORT,0..80,0.18821313669583226,POST-HOC FIXED-MAP CHECKPOINT EVALUATION,True,60ec5e2c683e71d49bce996fef8991e6e69745aa9171aa747df66b61b38551b8,/Users/arjunsharma/Documents/SandiaProjects/4-LDRDAMDIS/DIMSWE-study-d0eb615/external-results/test2b-rain-active-learning/production/representation-B/m2x-seed0-m20-10k/checkpoint_000000010_parameters.npz
t2b-b-m2x-independent,Test 2B,B,M2-X-independent,M2-X,20,J_M2_X,X_n*,TRAINING TRUTH SUPPORT,0..80,0.08409138563508953,POST-HOC FIXED-MAP CHECKPOINT EVALUATION,True,0f2bb502bc5824453be54b30b0166b6784b90b19f936e446225f2e6a9be42578,/Users/arjunsharma/Documents/SandiaProjects/4-LDRDAMDIS/DIMSWE-study-d0eb615/external-results/test2b-rain-active-learning/production/representation-B/m2x-seed0-m20-10k/checkpoint_000000020_parameters.npz
t2b-b-m2x-independent,Test 2B,B,M2-X-independent,M2-X,100,J_M2_X,X_n*,TRAINING TRUTH SUPPORT,0..80,0.002516631870306511,POST-HOC FIXED-MAP CHECKPOINT EVALUATION,True,6d866b809303a06bfbbf46441aeb9d539389a1dd3e587bc2b0d8ebe0c3c70364,/Users/arjunsharma/Documents/SandiaProjects/4-LDRDAMDIS/DIMSWE-study-d0eb615/external-results/test2b-rain-active-learning/production/representation-B/m2x-seed0-m20-10k/checkpoint_000000100_parameters.npz
t2b-b-m2x-independent,Test 2B,B,M2-X-independent,M2-X,500,J_M2_X,X_n*,TRAINING TRUTH SUPPORT,0..80,0.00011844534049660279,POST-HOC FIXED-MAP CHECKPOINT EVALUATION,True,7a9be2bd9f569d2f512ee5d9713809c0c4bef7343667d3900c8ccb7cbf90439a,/Users/arjunsharma/Documents/SandiaProjects/4-LDRDAMDIS/DIMSWE-study-d0eb615/external-results/test2b-rain-active-learning/production/representation-B/m2x-seed0-m20-10k/checkpoint_000000500_parameters.npz
t2b-b-m2x-independent,Test 2B,B,M2-X-independent,M2-X,1000,J_M2_X,X_n*,TRAINING TRUTH SUPPORT,0..80,0.00010012013319209911,POST-HOC FIXED-MAP CHECKPOINT EVALUATION,True,ae00048b51af46e5a47797580057548a38e5de742ba2e66c55fd97115f635f0f,/Users/arjunsharma/Documents/SandiaProjects/4-LDRDAMDIS/DIMSWE-study-d0eb615/external-results/test2b-rain-active-learning/production/representation-B/m2x-seed0-m20-10k/checkpoint_000001000_parameters.npz
t2b-b-m2x-independent,Test 2B,B,M2-X-independent,M2-X,5000,J_M2_X,X_n*,TRAINING TRUTH SUPPORT,0..80,5.2577071110612056e-05,POST-HOC FIXED-MAP CHECKPOINT EVALUATION,True,d3082ecf6a90bfeddce5fccb56859d724d89df9d19563c50a9dab202fa02e2c1,/Users/arjunsharma/Documents/SandiaProjects/4-LDRDAMDIS/DIMSWE-study-d0eb615/external-results/test2b-rain-active-learning/production/representation-B/m2x-seed0-m20-10k/checkpoint_000005000_parameters.npz
t2b-b-m2x-independent,Test 2B,B,M2-X-independent,M2-X,10000,J_M2_X,X_n*,TRAINING TRUTH SUPPORT,0..80,1.863373258646678e-05,POST-HOC FIXED-MAP CHECKPOINT EVALUATION,True,8292c556c31e15a303cc9010d9174149ab46cf31ce6ef385ffcb22d406b9b74a,/Users/arjunsharma/Documents/SandiaProjects/4-LDRDAMDIS/DIMSWE-study-d0eb615/external-results/test2b-rain-active-learning/production/representation-B/m2x-seed0-m20-10k/checkpoint_000010000_parameters.npz
t2b-b-m2x-warm,Test 2B,B,warm M2-X,M2-X,0,J_M2_X,X_n*,TRAINING TRUTH SUPPORT,0..80,2.6983137744699252e-05,POST-HOC FIXED-MAP CHECKPOINT EVALUATION,True,cfc9d3da6a8d07d74ae17e3d9a5beabe434e63b8005e95df4a1925c3a63c609c,/Users/arjunsharma/Documents/SandiaProjects/4-LDRDAMDIS/DIMSWE-study-d0eb615/external-results/test2b-rain-active-learning/production/representation-B/m1-to-m2x-m20-5k/checkpoint_000000000_parameters.npz
t2b-b-m2x-warm,Test 2B,B,warm M2-X,M2-X,1,J_M2_X,X_n*,TRAINING TRUTH SUPPORT,0..80,2.6982969857897836e-05,POST-HOC FIXED-MAP CHECKPOINT EVALUATION,True,949635c066b457a8b40332d081f6d5560f287828ded97615d9664c50568d8137,/Users/arjunsharma/Documents/SandiaProjects/4-LDRDAMDIS/DIMSWE-study-d0eb615/external-results/test2b-rain-active-learning/production/representation-B/m1-to-m2x-m20-5k/checkpoint_000000001_parameters.npz
t2b-b-m2x-warm,Test 2B,B,warm M2-X,M2-X,5,J_M2_X,X_n*,TRAINING TRUTH SUPPORT,0..80,2.697250998064131e-05,POST-HOC FIXED-MAP CHECKPOINT EVALUATION,True,5c693fae50c61e91e5b4799780df1ed5d57f8e797523943ffcc1f6055597addb,/Users/arjunsharma/Documents/SandiaProjects/4-LDRDAMDIS/DIMSWE-study-d0eb615/external-results/test2b-rain-active-learning/production/representation-B/m1-to-m2x-m20-5k/checkpoint_000000005_parameters.npz
t2b-b-m2x-warm,Test 2B,B,warm M2-X,M2-X,10,J_M2_X,X_n*,TRAINING TRUTH SUPPORT,0..80,2.6956964435328037e-05,POST-HOC FIXED-MAP CHECKPOINT EVALUATION,True,8b7404766f99ed9e1bb9cd8a0a5fa69795b6a7679d26790f364ad3be8e136f26,/Users/arjunsharma/Documents/SandiaProjects/4-LDRDAMDIS/DIMSWE-study-d0eb615/external-results/test2b-rain-active-learning/production/representation-B/m1-to-m2x-m20-5k/checkpoint_000000010_parameters.npz
t2b-b-m2x-warm,Test 2B,B,warm M2-X,M2-X,20,J_M2_X,X_n*,TRAINING TRUTH SUPPORT,0..80,2.6886319366161283e-05,POST-HOC FIXED-MAP CHECKPOINT EVALUATION,True,2cb47c1af4bdc1959d83156e3dda2a22972a7c7739ffdf0185444a066ab56d73,/Users/arjunsharma/Documents/SandiaProjects/4-LDRDAMDIS/DIMSWE-study-d0eb615/external-results/test2b-rain-active-learning/production/representation-B/m1-to-m2x-m20-5k/checkpoint_000000020_parameters.npz
t2b-b-m2x-warm,Test 2B,B,warm M2-X,M2-X,100,J_M2_X,X_n*,TRAINING TRUTH SUPPORT,0..80,2.650678018743514e-05,POST-HOC FIXED-MAP CHECKPOINT EVALUATION,True,fce19bf3c70c511a1f07df236ee5d22b7ca10a3d48800d0b9c58b9b7c046107a,/Users/arjunsharma/Documents/SandiaProjects/4-LDRDAMDIS/DIMSWE-study-d0eb615/external-results/test2b-rain-active-learning/production/representation-B/m1-to-m2x-m20-5k/checkpoint_000000100_parameters.npz
t2b-b-m2x-warm,Test 2B,B,warm M2-X,M2-X,500,J_M2_X,X_n*,TRAINING TRUTH SUPPORT,0..80,2.492732635329863e-05,POST-HOC FIXED-MAP CHECKPOINT EVALUATION,True,ca396fefd400f12c5b9a0249ca93ff5822539d93b1316c3d9f1bedccde989285,/Users/arjunsharma/Documents/SandiaProjects/4-LDRDAMDIS/DIMSWE-study-d0eb615/external-results/test2b-rain-active-learning/production/representation-B/m1-to-m2x-m20-5k/checkpoint_000000500_parameters.npz
t2b-b-m2x-warm,Test 2B,B,warm M2-X,M2-X,1000,J_M2_X,X_n*,TRAINING TRUTH SUPPORT,0..80,2.3122286497560376e-05,POST-HOC FIXED-MAP CHECKPOINT EVALUATION,True,fd1f1548aa71feb929dba5a667a70f1f41660ca8845807850c0b09405bf840d9,/Users/arjunsharma/Documents/SandiaProjects/4-LDRDAMDIS/DIMSWE-study-d0eb615/external-results/test2b-rain-active-learning/production/representation-B/m1-to-m2x-m20-5k/checkpoint_000001000_parameters.npz
t2b-b-m2x-warm,Test 2B,B,warm M2-X,M2-X,5000,J_M2_X,X_n*,TRAINING TRUTH SUPPORT,0..80,1.4814244410556754e-05,POST-HOC FIXED-MAP CHECKPOINT EVALUATION,True,5e1bca9a6345f9bcd0360aa3e7e3feeef2cb2b2ac960e00106a7779e8d7892db,/Users/arjunsharma/Documents/SandiaProjects/4-LDRDAMDIS/DIMSWE-study-d0eb615/external-results/test2b-rain-active-learning/production/representation-B/m1-to-m2x-m20-5k/checkpoint_000005000_parameters.npz
t2b-b-h1,Test 2B,B,H1,H1,0,J_H1,Y_n*=P(X_n*),TRAINING TRUTH SUPPORT,0..79,0.00022321605852819912,POST-HOC FIXED-MAP CHECKPOINT EVALUATION,True,cfc9d3da6a8d07d74ae17e3d9a5beabe434e63b8005e95df4a1925c3a63c609c,/Users/arjunsharma/Documents/SandiaProjects/4-LDRDAMDIS/DIMSWE-study-d0eb615/external-results/test2b-rain-active-learning/production/representation-B/h1-from-m1-m20-5k/checkpoint_000000000_parameters.npz
t2b-b-h1,Test 2B,B,H1,H1,1,J_H1,Y_n*=P(X_n*),TRAINING TRUTH SUPPORT,0..79,0.00020501295565528366,POST-HOC FIXED-MAP CHECKPOINT EVALUATION,True,d22668e2aed362752e7fed1ea514fa7726bd095e4a78b16f0649cb8a288ba7e3,/Users/arjunsharma/Documents/SandiaProjects/4-LDRDAMDIS/DIMSWE-study-d0eb615/external-results/test2b-rain-active-learning/production/representation-B/h1-from-m1-m20-5k/checkpoint_000000001_parameters.npz
t2b-b-h1,Test 2B,B,H1,H1,5,J_H1,Y_n*=P(X_n*),TRAINING TRUTH SUPPORT,0..79,0.00018277294829121456,POST-HOC FIXED-MAP CHECKPOINT EVALUATION,True,17a2b9ee15ffdf1069bd0c17f2b82195e018460ee934c60ca92ea41df9722147,/Users/arjunsharma/Documents/SandiaProjects/4-LDRDAMDIS/DIMSWE-study-d0eb615/external-results/test2b-rain-active-learning/production/representation-B/h1-from-m1-m20-5k/checkpoint_000000005_parameters.npz
t2b-b-h1,Test 2B,B,H1,H1,10,J_H1,Y_n*=P(X_n*),TRAINING TRUTH SUPPORT,0..79,0.00013174050637115755,POST-HOC FIXED-MAP CHECKPOINT EVALUATION,True,cc79175e2ab1b3382d6eab0c2a01268596db05cb3aa0d5f0be037eb14490dc6b,/Users/arjunsharma/Documents/SandiaProjects/4-LDRDAMDIS/DIMSWE-study-d0eb615/external-results/test2b-rain-active-learning/production/representation-B/h1-from-m1-m20-5k/checkpoint_000000010_parameters.npz
t2b-b-h1,Test 2B,B,H1,H1,20,J_H1,Y_n*=P(X_n*),TRAINING TRUTH SUPPORT,0..79,0.00011873736133676852,POST-HOC FIXED-MAP CHECKPOINT EVALUATION,True,6a6818ee68e0a0e69eff6d0e4ca3f9872948a10f71f72d24dc6046bd4cd7730b,/Users/arjunsharma/Documents/SandiaProjects/4-LDRDAMDIS/DIMSWE-study-d0eb615/external-results/test2b-rain-active-learning/production/representation-B/h1-from-m1-m20-5k/checkpoint_000000020_parameters.npz
t2b-b-h1,Test 2B,B,H1,H1,100,J_H1,Y_n*=P(X_n*),TRAINING TRUTH SUPPORT,0..79,8.081725316017496e-05,POST-HOC FIXED-MAP CHECKPOINT EVALUATION,True,9370fc528568f1e95bf674e111b58b738056e258b7736901e245bc32925630d7,/Users/arjunsharma/Documents/SandiaProjects/4-LDRDAMDIS/DIMSWE-study-d0eb615/external-results/test2b-rain-active-learning/production/representation-B/h1-from-m1-m20-5k/checkpoint_000000100_parameters.npz
t2b-b-h1,Test 2B,B,H1,H1,500,J_H1,Y_n*=P(X_n*),TRAINING TRUTH SUPPORT,0..79,6.056265016235022e-05,POST-HOC FIXED-MAP CHECKPOINT EVALUATION,True,f067cdc8fd26ac6bdc7a2df9a505490950dde1646875d0d8d21ceb9f2e6fac84,/Users/arjunsharma/Documents/SandiaProjects/4-LDRDAMDIS/DIMSWE-study-d0eb615/external-results/test2b-rain-active-learning/production/representation-B/h1-from-m1-m20-5k/checkpoint_000000500_parameters.npz
t2b-b-h1,Test 2B,B,H1,H1,1000,J_H1,Y_n*=P(X_n*),TRAINING TRUTH SUPPORT,0..79,5.049268541097489e-05,POST-HOC FIXED-MAP CHECKPOINT EVALUATION,True,a2a5d8be94d04ecb9d7bc2aa2b96ea9d2f0561b61340a20edfce955ff25e9f7a,/Users/arjunsharma/Documents/SandiaProjects/4-LDRDAMDIS/DIMSWE-study-d0eb615/external-results/test2b-rain-active-learning/production/representation-B/h1-from-m1-m20-5k/checkpoint_000001000_parameters.npz
t2b-b-h1,Test 2B,B,H1,H1,5000,J_H1,Y_n*=P(X_n*),TRAINING TRUTH SUPPORT,0..79,2.2820014210665148e-05,POST-HOC FIXED-MAP CHECKPOINT EVALUATION,True,9ebda59a2f74f1522e595b854a06f7c1af01ef9c85a734dc0aab1996c7ac5e03,/Users/arjunsharma/Documents/SandiaProjects/4-LDRDAMDIS/DIMSWE-study-d0eb615/external-results/test2b-rain-active-learning/production/representation-B/h1-from-m1-m20-5k/checkpoint_000005000_parameters.npz
t2b-c-m2x-independent,Test 2B,C,M2-X-independent,M2-X,0,J_M2_X,X_n*,TRAINING TRUTH SUPPORT,0..80,1.2245927856502428,POST-HOC FIXED-MAP CHECKPOINT EVALUATION,True,e52dd73e3f97d44adf4d55354b1c8d9a9b252186a17cae4ad09410270b86df1e,/Users/arjunsharma/Documents/SandiaProjects/4-LDRDAMDIS/DIMSWE-study-d0eb615/external-results/test2b-rain-active-learning/production/representation-C/m2x-seed0-m20-10k/checkpoint_000000000_parameters.npz
t2b-c-m2x-independent,Test 2B,C,M2-X-independent,M2-X,1,J_M2_X,X_n*,TRAINING TRUTH SUPPORT,0..80,0.9421391759803646,POST-HOC FIXED-MAP CHECKPOINT EVALUATION,True,064aa6c1a42ee6f14b00c9741e8aafd5805dd3db200260c731f2527937939213,/Users/arjunsharma/Documents/SandiaProjects/4-LDRDAMDIS/DIMSWE-study-d0eb615/external-results/test2b-rain-active-learning/production/representation-C/m2x-seed0-m20-10k/checkpoint_000000001_parameters.npz
t2b-c-m2x-independent,Test 2B,C,M2-X-independent,M2-X,5,J_M2_X,X_n*,TRAINING TRUTH SUPPORT,0..80,0.39380707343251414,POST-HOC FIXED-MAP CHECKPOINT EVALUATION,True,ce4153b758745f4ee22526b3505aae8e1bf7a8e2c78342427b23a12895acbfd3,/Users/arjunsharma/Documents/SandiaProjects/4-LDRDAMDIS/DIMSWE-study-d0eb615/external-results/test2b-rain-active-learning/production/representation-C/m2x-seed0-m20-10k/checkpoint_000000005_parameters.npz
t2b-c-m2x-independent,Test 2B,C,M2-X-independent,M2-X,10,J_M2_X,X_n*,TRAINING TRUTH SUPPORT,0..80,0.1749643747590833,POST-HOC FIXED-MAP CHECKPOINT EVALUATION,True,022c8ca95296bef619e90df515ae0a5ca74894c6b6fc2e97fa40ca5a36c8b547,/Users/arjunsharma/Documents/SandiaProjects/4-LDRDAMDIS/DIMSWE-study-d0eb615/external-results/test2b-rain-active-learning/production/representation-C/m2x-seed0-m20-10k/checkpoint_000000010_parameters.npz
t2b-c-m2x-independent,Test 2B,C,M2-X-independent,M2-X,20,J_M2_X,X_n*,TRAINING TRUTH SUPPORT,0..80,0.06541714498731287,POST-HOC FIXED-MAP CHECKPOINT EVALUATION,True,3118c505bf9b00d1b0d69314ddc96d44d56236f1e93a0596ded004a93b48c97c,/Users/arjunsharma/Documents/SandiaProjects/4-LDRDAMDIS/DIMSWE-study-d0eb615/external-results/test2b-rain-active-learning/production/representation-C/m2x-seed0-m20-10k/checkpoint_000000020_parameters.npz
t2b-c-m2x-independent,Test 2B,C,M2-X-independent,M2-X,100,J_M2_X,X_n*,TRAINING TRUTH SUPPORT,0..80,0.0013658774137441509,POST-HOC FIXED-MAP CHECKPOINT EVALUATION,True,c0de408131ce6c721a19ff2f1c0154e582b563a2de6342bc56de9189b6754407,/Users/arjunsharma/Documents/SandiaProjects/4-LDRDAMDIS/DIMSWE-study-d0eb615/external-results/test2b-rain-active-learning/production/representation-C/m2x-seed0-m20-10k/checkpoint_000000100_parameters.npz
t2b-c-m2x-independent,Test 2B,C,M2-X-independent,M2-X,500,J_M2_X,X_n*,TRAINING TRUTH SUPPORT,0..80,0.00015869768584813497,POST-HOC FIXED-MAP CHECKPOINT EVALUATION,True,d4da121b0d2e41701bdf7bb72c7b000fcc3a102ee260e7eaa091d3466258fd31,/Users/arjunsharma/Documents/SandiaProjects/4-LDRDAMDIS/DIMSWE-study-d0eb615/external-results/test2b-rain-active-learning/production/representation-C/m2x-seed0-m20-10k/checkpoint_000000500_parameters.npz
t2b-c-m2x-independent,Test 2B,C,M2-X-independent,M2-X,1000,J_M2_X,X_n*,TRAINING TRUTH SUPPORT,0..80,0.00010144551159639248,POST-HOC FIXED-MAP CHECKPOINT EVALUATION,True,c47b75a501bacd45e728aef61e9f3a26cabb5227159dfe8da48370fef18ef6fc,/Users/arjunsharma/Documents/SandiaProjects/4-LDRDAMDIS/DIMSWE-study-d0eb615/external-results/test2b-rain-active-learning/production/representation-C/m2x-seed0-m20-10k/checkpoint_000001000_parameters.npz
t2b-c-m2x-independent,Test 2B,C,M2-X-independent,M2-X,5000,J_M2_X,X_n*,TRAINING TRUTH SUPPORT,0..80,6.132703873096825e-05,POST-HOC FIXED-MAP CHECKPOINT EVALUATION,True,d0912117abb69cbde94cd7271b345463141eca96ccc4bcf9a435ebf8248906c9,/Users/arjunsharma/Documents/SandiaProjects/4-LDRDAMDIS/DIMSWE-study-d0eb615/external-results/test2b-rain-active-learning/production/representation-C/m2x-seed0-m20-10k/checkpoint_000005000_parameters.npz
t2b-c-m2x-independent,Test 2B,C,M2-X-independent,M2-X,10000,J_M2_X,X_n*,TRAINING TRUTH SUPPORT,0..80,1.538900036045785e-05,POST-HOC FIXED-MAP CHECKPOINT EVALUATION,True,4a51c90c2b1916da51affcec49f89461c391c7862300cb72a192ccf843244fc3,/Users/arjunsharma/Documents/SandiaProjects/4-LDRDAMDIS/DIMSWE-study-d0eb615/external-results/test2b-rain-active-learning/production/representation-C/m2x-seed0-m20-10k/checkpoint_000010000_parameters.npz
t2b-c-m2x-warm,Test 2B,C,warm M2-X,M2-X,0,J_M2_X,X_n*,TRAINING TRUTH SUPPORT,0..80,2.910555341715176e-05,POST-HOC FIXED-MAP CHECKPOINT EVALUATION,True,8ad9c8017c9304827d8e9e73392c3a9503f7de05a38b86baf52f4351c35615e4,/Users/arjunsharma/Documents/SandiaProjects/4-LDRDAMDIS/DIMSWE-study-d0eb615/external-results/test2b-rain-active-learning/production/representation-C/m1-to-m2x-m20-5k/checkpoint_000000000_parameters.npz
t2b-c-m2x-warm,Test 2B,C,warm M2-X,M2-X,1,J_M2_X,X_n*,TRAINING TRUTH SUPPORT,0..80,2.9084931378101337e-05,POST-HOC FIXED-MAP CHECKPOINT EVALUATION,True,2d793264ca4ee40a1a5b3acad41f4f6656f3a3d57491c1c4b02c6922a16f878f,/Users/arjunsharma/Documents/SandiaProjects/4-LDRDAMDIS/DIMSWE-study-d0eb615/external-results/test2b-rain-active-learning/production/representation-C/m1-to-m2x-m20-5k/checkpoint_000000001_parameters.npz
t2b-c-m2x-warm,Test 2B,C,warm M2-X,M2-X,5,J_M2_X,X_n*,TRAINING TRUTH SUPPORT,0..80,2.900557643061351e-05,POST-HOC FIXED-MAP CHECKPOINT EVALUATION,True,4e7c89c72e300371a3e588a78d79b93222086434832dd9a99c60a85d0ac784fe,/Users/arjunsharma/Documents/SandiaProjects/4-LDRDAMDIS/DIMSWE-study-d0eb615/external-results/test2b-rain-active-learning/production/representation-C/m1-to-m2x-m20-5k/checkpoint_000000005_parameters.npz
t2b-c-m2x-warm,Test 2B,C,warm M2-X,M2-X,10,J_M2_X,X_n*,TRAINING TRUTH SUPPORT,0..80,2.8919396449513086e-05,POST-HOC FIXED-MAP CHECKPOINT EVALUATION,True,7046bda06844fe0b4a62cfb8bffa07a467563822b75f4af12df44ad0de6d850e,/Users/arjunsharma/Documents/SandiaProjects/4-LDRDAMDIS/DIMSWE-study-d0eb615/external-results/test2b-rain-active-learning/production/representation-C/m1-to-m2x-m20-5k/checkpoint_000000010_parameters.npz
t2b-c-m2x-warm,Test 2B,C,warm M2-X,M2-X,20,J_M2_X,X_n*,TRAINING TRUTH SUPPORT,0..80,2.8793007234852332e-05,POST-HOC FIXED-MAP CHECKPOINT EVALUATION,True,706a0938c3966208c38d138c6c813892303094fd06091a4f547d6471b614402c,/Users/arjunsharma/Documents/SandiaProjects/4-LDRDAMDIS/DIMSWE-study-d0eb615/external-results/test2b-rain-active-learning/production/representation-C/m1-to-m2x-m20-5k/checkpoint_000000020_parameters.npz
t2b-c-m2x-warm,Test 2B,C,warm M2-X,M2-X,100,J_M2_X,X_n*,TRAINING TRUTH SUPPORT,0..80,2.8365444650602146e-05,POST-HOC FIXED-MAP CHECKPOINT EVALUATION,True,13baf8493fddb33d18b513b8a92f5b11fc2d7f84d8a37a4d79504d2cb0620b4d,/Users/arjunsharma/Documents/SandiaProjects/4-LDRDAMDIS/DIMSWE-study-d0eb615/external-results/test2b-rain-active-learning/production/representation-C/m1-to-m2x-m20-5k/checkpoint_000000100_parameters.npz
t2b-c-m2x-warm,Test 2B,C,warm M2-X,M2-X,500,J_M2_X,X_n*,TRAINING TRUTH SUPPORT,0..80,2.698632263715826e-05,POST-HOC FIXED-MAP CHECKPOINT EVALUATION,True,b6fa5946f0814bc1d6c8648bba4bae340534ed690354ea3ca2932ead34fb5874,/Users/arjunsharma/Documents/SandiaProjects/4-LDRDAMDIS/DIMSWE-study-d0eb615/external-results/test2b-rain-active-learning/production/representation-C/m1-to-m2x-m20-5k/checkpoint_000000500_parameters.npz
t2b-c-m2x-warm,Test 2B,C,warm M2-X,M2-X,1000,J_M2_X,X_n*,TRAINING TRUTH SUPPORT,0..80,2.5341651145941735e-05,POST-HOC FIXED-MAP CHECKPOINT EVALUATION,True,1a07334d3392b4e5f892b08f4b0f3843f0238a0c58e36e9abe6b48e6aec52d12,/Users/arjunsharma/Documents/SandiaProjects/4-LDRDAMDIS/DIMSWE-study-d0eb615/external-results/test2b-rain-active-learning/production/representation-C/m1-to-m2x-m20-5k/checkpoint_000001000_parameters.npz
t2b-c-m2x-warm,Test 2B,C,warm M2-X,M2-X,5000,J_M2_X,X_n*,TRAINING TRUTH SUPPORT,0..80,1.4039537322282988e-05,POST-HOC FIXED-MAP CHECKPOINT EVALUATION,True,5b698bb87885a7faa9cc888de15ff75bac2661796c7bb9a31ddd788cd7270c11,/Users/arjunsharma/Documents/SandiaProjects/4-LDRDAMDIS/DIMSWE-study-d0eb615/external-results/test2b-rain-active-learning/production/representation-C/m1-to-m2x-m20-5k/checkpoint_000005000_parameters.npz
t2b-c-h1,Test 2B,C,H1,H1,0,J_H1,Y_n*=P(X_n*),TRAINING TRUTH SUPPORT,0..79,0.0002729769270888485,POST-HOC FIXED-MAP CHECKPOINT EVALUATION,True,8ad9c8017c9304827d8e9e73392c3a9503f7de05a38b86baf52f4351c35615e4,/Users/arjunsharma/Documents/SandiaProjects/4-LDRDAMDIS/DIMSWE-study-d0eb615/external-results/test2b-rain-active-learning/production/representation-C/h1-from-m1-m20-5k/checkpoint_000000000_parameters.npz
t2b-c-h1,Test 2B,C,H1,H1,1,J_H1,Y_n*=P(X_n*),TRAINING TRUTH SUPPORT,0..79,0.0002512048249272274,POST-HOC FIXED-MAP CHECKPOINT EVALUATION,True,4a38862c803dabb3acf1340a94b17e98fd0da2d987660e6e53e7ba55c06daf15,/Users/arjunsharma/Documents/SandiaProjects/4-LDRDAMDIS/DIMSWE-study-d0eb615/external-results/test2b-rain-active-learning/production/representation-C/h1-from-m1-m20-5k/checkpoint_000000001_parameters.npz
t2b-c-h1,Test 2B,C,H1,H1,5,J_H1,Y_n*=P(X_n*),TRAINING TRUTH SUPPORT,0..79,0.00022225014272643336,POST-HOC FIXED-MAP CHECKPOINT EVALUATION,True,63ef21c669455becad428056bb25563be1e864311c655018ef3edd62114b429b,/Users/arjunsharma/Documents/SandiaProjects/4-LDRDAMDIS/DIMSWE-study-d0eb615/external-results/test2b-rain-active-learning/production/representation-C/h1-from-m1-m20-5k/checkpoint_000000005_parameters.npz
t2b-c-h1,Test 2B,C,H1,H1,10,J_H1,Y_n*=P(X_n*),TRAINING TRUTH SUPPORT,0..79,0.00016588853632649048,POST-HOC FIXED-MAP CHECKPOINT EVALUATION,True,a2702fd49e9406c419270b8f01611e07c571d304bc4b922a2b59a2215f4158a1,/Users/arjunsharma/Documents/SandiaProjects/4-LDRDAMDIS/DIMSWE-study-d0eb615/external-results/test2b-rain-active-learning/production/representation-C/h1-from-m1-m20-5k/checkpoint_000000010_parameters.npz
t2b-c-h1,Test 2B,C,H1,H1,20,J_H1,Y_n*=P(X_n*),TRAINING TRUTH SUPPORT,0..79,0.00014696791697803706,POST-HOC FIXED-MAP CHECKPOINT EVALUATION,True,590949aede38e6ba9cdad96e5d8972ed0329335b1bbeda1ce1a5d2704fb45227,/Users/arjunsharma/Documents/SandiaProjects/4-LDRDAMDIS/DIMSWE-study-d0eb615/external-results/test2b-rain-active-learning/production/representation-C/h1-from-m1-m20-5k/checkpoint_000000020_parameters.npz
t2b-c-h1,Test 2B,C,H1,H1,100,J_H1,Y_n*=P(X_n*),TRAINING TRUTH SUPPORT,0..79,0.00012196764004768813,POST-HOC FIXED-MAP CHECKPOINT EVALUATION,True,28b2c1c3bef0019eaa34643085fe88caefff213ba1588c310848bf46e437f5c4,/Users/arjunsharma/Documents/SandiaProjects/4-LDRDAMDIS/DIMSWE-study-d0eb615/external-results/test2b-rain-active-learning/production/representation-C/h1-from-m1-m20-5k/checkpoint_000000100_parameters.npz
t2b-c-h1,Test 2B,C,H1,H1,500,J_H1,Y_n*=P(X_n*),TRAINING TRUTH SUPPORT,0..79,9.541784536262772e-05,POST-HOC FIXED-MAP CHECKPOINT EVALUATION,True,40d9b1024db4f65bf9dcb72a1150bd3be0a80d57e2053366e1ee5ff8831fda07,/Users/arjunsharma/Documents/SandiaProjects/4-LDRDAMDIS/DIMSWE-study-d0eb615/external-results/test2b-rain-active-learning/production/representation-C/h1-from-m1-m20-5k/checkpoint_000000500_parameters.npz
t2b-c-h1,Test 2B,C,H1,H1,1000,J_H1,Y_n*=P(X_n*),TRAINING TRUTH SUPPORT,0..79,7.845821628543794e-05,POST-HOC FIXED-MAP CHECKPOINT EVALUATION,True,c76a29ff554221a16c4de208de7702c1d021ed50d22a2472f4bf57f2443831de,/Users/arjunsharma/Documents/SandiaProjects/4-LDRDAMDIS/DIMSWE-study-d0eb615/external-results/test2b-rain-active-learning/production/representation-C/h1-from-m1-m20-5k/checkpoint_000001000_parameters.npz
t2b-c-h1,Test 2B,C,H1,H1,5000,J_H1,Y_n*=P(X_n*),TRAINING TRUTH SUPPORT,0..79,3.426713133257584e-05,POST-HOC FIXED-MAP CHECKPOINT EVALUATION,True,c44aa9e8811aacb423570a3bcb2f819462d882931b929a7bee442bb8b9a1d1c3,/Users/arjunsharma/Documents/SandiaProjects/4-LDRDAMDIS/DIMSWE-study-d0eb615/external-results/test2b-rain-active-learning/production/representation-C/h1-from-m1-m20-5k/checkpoint_000005000_parameters.npz
