run_id,physical_case,representation,campaign_role,trained_objective,fitted_column,J_M1_X,J_M1_Y,J_M2_X,J_H1,J_H2,J_H5,source_artifacts,interpretation,model_label,J_M1_X_role,J_M1_Y_role,J_M2_X_role,J_H1_role,J_H2_role,J_H5_role
t2a-a-m1x-accepted,Test 2A,A,accepted core,M1-X,J_M1_X,0.000373006108792648,NOT_DEFINED,0.0008346864309047664,0.0007048714201228114,0.001120554401295603,0.0022506331541617204,/Users/arjunsharma/Documents/SandiaProjects/4-LDRDAMDIS/DIMSWE-study-d0eb615/external-results/test2a/fair-longfit/operator-seed0-m20-200k/fit_result.json; /Users/arjunsharma/Documents/SandiaProjects/4-LDRDAMDIS/DIMSWE-study-d0eb615/external-results/test2a/horizon-curriculum-h1-h2-h5/postprocess/cross-objectives/m1_200k_initial.json,The fitted_column value is the terminal training objective; every other numeric cell is a post-hoc diagnostic evaluation.,M1-X,FITTED,NOT_DEFINED,POST_HOC_DIAGNOSTIC,POST_HOC_DIAGNOSTIC,POST_HOC_DIAGNOSTIC,POST_HOC_DIAGNOSTIC
t2a-a-m2x-independent-accepted,Test 2A,A,accepted core,M2-X,J_M2_X,0.002489117530253537,NOT_DEFINED,0.001721966994676836,NOT_EVALUATED,NOT_EVALUATED,NOT_EVALUATED,/Users/arjunsharma/Documents/SandiaProjects/4-LDRDAMDIS/DIMSWE-study-d0eb615/external-results/test2a/fair-longfit/discrete-seed0-m20-200k/fit_result.json; /Users/arjunsharma/Documents/SandiaProjects/4-LDRDAMDIS/DIMSWE-study-d0eb615/external-results/test2a/fair-longfit/comparison/cross_objectives.json,The fitted_column value is the terminal training objective; every other numeric cell is a post-hoc diagnostic evaluation.,M2-X-independent,POST_HOC_DIAGNOSTIC,NOT_DEFINED,FITTED,NOT_DEFINED,NOT_DEFINED,NOT_DEFINED
t2a-a-m2x-warm,Test 2A,A,accepted warm-start branch,M2-X,J_M2_X,0.0006177669316782416,NOT_DEFINED,0.0005167359629570338,NOT_EVALUATED,NOT_EVALUATED,NOT_EVALUATED,/Users/arjunsharma/Documents/SandiaProjects/4-LDRDAMDIS/DIMSWE-study-d0eb615/external-results/test2a/m1-to-m2-finetune/operator-200k-to-discrete-m20-50k/fit_result.json,The fitted_column value is the terminal training objective; every other numeric cell is a post-hoc diagnostic evaluation.,warm M2-X,POST_HOC_DIAGNOSTIC,NOT_DEFINED,FITTED,NOT_DEFINED,NOT_DEFINED,NOT_DEFINED
t2a-a-h1,Test 2A,A,accepted horizon ladder,H1,J_H1,0.0005960029451735024,NOT_DEFINED,0.0005628142819567373,0.00045108062971305733,0.0007339234635750395,0.0015110999501957436,/Users/arjunsharma/Documents/SandiaProjects/4-LDRDAMDIS/DIMSWE-study-d0eb615/external-results/test2a/horizon-curriculum-h1-h2-h5/h1-from-m1-200k/fit_result.json; /Users/arjunsharma/Documents/SandiaProjects/4-LDRDAMDIS/DIMSWE-study-d0eb615/external-results/test2a/horizon-curriculum-h1-h2-h5/postprocess/cross-objectives/h1_final.json,The fitted_column value is the terminal training objective; every other numeric cell is a post-hoc diagnostic evaluation.,H1,POST_HOC_DIAGNOSTIC,NOT_DEFINED,POST_HOC_DIAGNOSTIC,FITTED,POST_HOC_DIAGNOSTIC,POST_HOC_DIAGNOSTIC
t2a-a-h2,Test 2A,A,accepted horizon ladder,H2,J_H2,0.0006021622844867796,NOT_DEFINED,0.0005656311359179476,0.0004524129543487752,0.0007314762388426759,0.0014982479662056928,/Users/arjunsharma/Documents/SandiaProjects/4-LDRDAMDIS/DIMSWE-study-d0eb615/external-results/test2a/horizon-curriculum-h1-h2-h5/h2-from-h1/fit_result.json; /Users/arjunsharma/Documents/SandiaProjects/4-LDRDAMDIS/DIMSWE-study-d0eb615/external-results/test2a/horizon-curriculum-h1-h2-h5/postprocess/cross-objectives/h2_final.json,The fitted_column value is the terminal training objective; every other numeric cell is a post-hoc diagnostic evaluation.,H2,POST_HOC_DIAGNOSTIC,NOT_DEFINED,POST_HOC_DIAGNOSTIC,POST_HOC_DIAGNOSTIC,FITTED,POST_HOC_DIAGNOSTIC
t2a-a-h5,Test 2A,A,accepted horizon ladder,H5,J_H5,0.0006148733782046905,NOT_DEFINED,0.000579287916931123,0.0004606034021655412,0.0007356325443761752,0.0014847990297685324,/Users/arjunsharma/Documents/SandiaProjects/4-LDRDAMDIS/DIMSWE-study-d0eb615/external-results/test2a/horizon-curriculum-h1-h2-h5/h5-from-h2/fit_result.json; /Users/arjunsharma/Documents/SandiaProjects/4-LDRDAMDIS/DIMSWE-study-d0eb615/external-results/test2a/horizon-curriculum-h1-h2-h5/postprocess/cross-objectives/h5_final.json,The fitted_column value is the terminal training objective; every other numeric cell is a post-hoc diagnostic evaluation.,H5,POST_HOC_DIAGNOSTIC,NOT_DEFINED,POST_HOC_DIAGNOSTIC,POST_HOC_DIAGNOSTIC,POST_HOC_DIAGNOSTIC,FITTED
t2a-c-m1x,Test 2A,C,accepted core,M1-X,J_M1_X,0.0005517974380792215,NOT_DEFINED,0.000514694288398967,0.0005169328070913088,0.0008572763965602125,0.001878851742228847,/Users/arjunsharma/Documents/SandiaProjects/4-LDRDAMDIS/DIMSWE-study-d0eb615/external-results/test2a/problem-b/production/m1-seed0-m20-200k/fit_result.json; /Users/arjunsharma/Documents/SandiaProjects/4-LDRDAMDIS/DIMSWE-study-d0eb615/external-results/test2a/problem-b/production/problem_b_comparison.json,The fitted_column value is the terminal training objective; every other numeric cell is a post-hoc diagnostic evaluation.,M1-X,FITTED,NOT_DEFINED,POST_HOC_DIAGNOSTIC,POST_HOC_DIAGNOSTIC,POST_HOC_DIAGNOSTIC,POST_HOC_DIAGNOSTIC
t2a-c-m2x-independent,Test 2A,C,accepted core,M2-X,J_M2_X,0.5115121109473573,NOT_DEFINED,0.0005873863838421324,0.0006590781761457414,0.028676935487025216,0.5887682923351883,/Users/arjunsharma/Documents/SandiaProjects/4-LDRDAMDIS/DIMSWE-study-d0eb615/external-results/test2a/problem-b/production/m2x-seed0-m20-200k/fit_result.json; /Users/arjunsharma/Documents/SandiaProjects/4-LDRDAMDIS/DIMSWE-study-d0eb615/external-results/test2a/problem-b/production/problem_b_comparison.json,The fitted_column value is the terminal training objective; every other numeric cell is a post-hoc diagnostic evaluation.,M2-X-independent,POST_HOC_DIAGNOSTIC,NOT_DEFINED,FITTED,POST_HOC_DIAGNOSTIC,POST_HOC_DIAGNOSTIC,POST_HOC_DIAGNOSTIC
t2a-c-m2x-warm,Test 2A,C,accepted core,M2-X,J_M2_X,0.0018576269386874414,NOT_DEFINED,0.00043850961099866574,0.00046763853861099146,0.0010176331604439524,0.004550763143650334,/Users/arjunsharma/Documents/SandiaProjects/4-LDRDAMDIS/DIMSWE-study-d0eb615/external-results/test2a/problem-b/production/m1-to-m2x-m20-50k/fit_result.json; /Users/arjunsharma/Documents/SandiaProjects/4-LDRDAMDIS/DIMSWE-study-d0eb615/external-results/test2a/problem-b/production/problem_b_comparison.json,The fitted_column value is the terminal training objective; every other numeric cell is a post-hoc diagnostic evaluation.,warm M2-X,POST_HOC_DIAGNOSTIC,NOT_DEFINED,FITTED,POST_HOC_DIAGNOSTIC,POST_HOC_DIAGNOSTIC,POST_HOC_DIAGNOSTIC
t2a-c-h1,Test 2A,C,accepted core,H1,J_H1,0.0014428738537354345,NOT_DEFINED,0.0005069439811913891,0.0003984244402958454,0.0007660054050077655,0.0027106934681602945,/Users/arjunsharma/Documents/SandiaProjects/4-LDRDAMDIS/DIMSWE-study-d0eb615/external-results/test2a/problem-b/production/h1-from-m1/fit_result.json; /Users/arjunsharma/Documents/SandiaProjects/4-LDRDAMDIS/DIMSWE-study-d0eb615/external-results/test2a/problem-b/production/problem_b_comparison.json,The fitted_column value is the terminal training objective; every other numeric cell is a post-hoc diagnostic evaluation.,H1,POST_HOC_DIAGNOSTIC,NOT_DEFINED,POST_HOC_DIAGNOSTIC,FITTED,POST_HOC_DIAGNOSTIC,POST_HOC_DIAGNOSTIC
t2a-c-h2,Test 2A,C,accepted core,H2,J_H2,0.001488986007703301,NOT_DEFINED,0.0005421372906409142,0.0004231610421899405,0.0006962489812542169,0.0020390381125901676,/Users/arjunsharma/Documents/SandiaProjects/4-LDRDAMDIS/DIMSWE-study-d0eb615/external-results/test2a/problem-b/production/h2-from-h1/fit_result.json; /Users/arjunsharma/Documents/SandiaProjects/4-LDRDAMDIS/DIMSWE-study-d0eb615/external-results/test2a/problem-b/production/problem_b_comparison.json,The fitted_column value is the terminal training objective; every other numeric cell is a post-hoc diagnostic evaluation.,H2,POST_HOC_DIAGNOSTIC,NOT_DEFINED,POST_HOC_DIAGNOSTIC,POST_HOC_DIAGNOSTIC,FITTED,POST_HOC_DIAGNOSTIC
t2a-c-h5,Test 2A,C,accepted core,H5,J_H5,0.0014478207491836004,NOT_DEFINED,0.0007393382967838146,0.000568935947433809,0.0007839911759517964,0.0016206670827861548,/Users/arjunsharma/Documents/SandiaProjects/4-LDRDAMDIS/DIMSWE-study-d0eb615/external-results/test2a/problem-b/production/h5-from-h2/fit_result.json; /Users/arjunsharma/Documents/SandiaProjects/4-LDRDAMDIS/DIMSWE-study-d0eb615/external-results/test2a/problem-b/production/problem_b_comparison.json,The fitted_column value is the terminal training objective; every other numeric cell is a post-hoc diagnostic evaluation.,H5,POST_HOC_DIAGNOSTIC,NOT_DEFINED,POST_HOC_DIAGNOSTIC,POST_HOC_DIAGNOSTIC,POST_HOC_DIAGNOSTIC,FITTED
t2b-a-m1x,Test 2B,A,accepted core,M1-X,J_M1_X,2.9897337575707075e-05,0.00023105356375001702,1.8351103190537455e-05,0.0001770084405503909,0.00036126191349134846,0.0010016940305325648,/Users/arjunsharma/Documents/SandiaProjects/4-LDRDAMDIS/DIMSWE-study-d0eb615/external-results/test2b-rain-active-learning/production/representation-A/m1-seed0-m20-10k/fit_result.json; /Users/arjunsharma/Documents/SandiaProjects/4-LDRDAMDIS/DIMSWE-study-d0eb615/external-results/test2b-rain-active-learning/production/representation-A/representation_a_final_comparison.json; /Users/arjunsharma/Documents/SandiaProjects/4-LDRDAMDIS/DIMSWE-feature-study-20260828/m1y_test2b_20260828_workspace/external-results/m1y-test2b-20260828/evaluation/representation_A_matched.json,The fitted_column value is the terminal training objective; every other numeric cell is a post-hoc diagnostic evaluation.,M1-X,FITTED,POST_HOC_DIAGNOSTIC,POST_HOC_DIAGNOSTIC,POST_HOC_DIAGNOSTIC,POST_HOC_DIAGNOSTIC,POST_HOC_DIAGNOSTIC
t2b-a-m1y,Test 2B,A,matched M1-X/M1-Y control,M1-Y,J_M1_Y,9.89534040909144e-05,2.439509618905571e-05,7.604814029103235e-05,1.675512278641741e-05,2.603019045207213e-05,4.0136988396531386e-05,/Users/arjunsharma/Documents/SandiaProjects/4-LDRDAMDIS/DIMSWE-feature-study-20260828/m1y_test2b_20260828_workspace/external-results/m1y-test2b-20260828/production/representation-A/m1y-seed0-m20-10k/fit_result.json; /Users/arjunsharma/Documents/SandiaProjects/4-LDRDAMDIS/DIMSWE-feature-study-20260828/m1y_test2b_20260828_workspace/external-results/m1y-test2b-20260828/evaluation/representation_A_matched.json,The fitted_column value is the terminal training objective; every other numeric cell is a post-hoc diagnostic evaluation.,M1-Y,POST_HOC_DIAGNOSTIC,FITTED,POST_HOC_DIAGNOSTIC,POST_HOC_DIAGNOSTIC,POST_HOC_DIAGNOSTIC,POST_HOC_DIAGNOSTIC
t2b-a-m2x-independent,Test 2B,A,accepted core,M2-X,J_M2_X,3.034694643382492e-05,0.0002597421064953403,1.864768212896724e-05,0.00020023617521018256,0.0004238533968573582,0.0012655023430765348,/Users/arjunsharma/Documents/SandiaProjects/4-LDRDAMDIS/DIMSWE-study-d0eb615/external-results/test2b-rain-active-learning/production/representation-A/m2x-seed0-m20-10k/fit_result.json; /Users/arjunsharma/Documents/SandiaProjects/4-LDRDAMDIS/DIMSWE-study-d0eb615/external-results/test2b-rain-active-learning/production/representation-A/representation_a_final_comparison.json,The fitted_column value is the terminal training objective; every other numeric cell is a post-hoc diagnostic evaluation.,M2-X-independent,POST_HOC_DIAGNOSTIC,POST_HOC_DIAGNOSTIC,FITTED,POST_HOC_DIAGNOSTIC,POST_HOC_DIAGNOSTIC,POST_HOC_DIAGNOSTIC
t2b-a-m2x-warm,Test 2B,A,accepted warm-start branch,M2-X,J_M2_X,2.570080153639552e-05,0.00021248918344471716,1.4875848850968718e-05,0.0001617805975503917,0.0003319232782234411,0.0009403195702942773,/Users/arjunsharma/Documents/SandiaProjects/4-LDRDAMDIS/DIMSWE-study-d0eb615/external-results/test2b-rain-active-learning/production/representation-A/m1-to-m2x-m20-5k/fit_result.json; /Users/arjunsharma/Documents/SandiaProjects/4-LDRDAMDIS/DIMSWE-study-d0eb615/external-results/test2b-rain-active-learning/production/representation-A/representation_a_final_comparison.json,The fitted_column value is the terminal training objective; every other numeric cell is a post-hoc diagnostic evaluation.,warm M2-X,POST_HOC_DIAGNOSTIC,POST_HOC_DIAGNOSTIC,FITTED,POST_HOC_DIAGNOSTIC,POST_HOC_DIAGNOSTIC,POST_HOC_DIAGNOSTIC
t2b-a-h1,Test 2B,A,accepted horizon ladder,H1,J_H1,0.00015503789167577002,4.570659245437805e-05,0.00011867286238016006,3.001818343501887e-05,5.522341364243512e-05,0.00011056536728691643,/Users/arjunsharma/Documents/SandiaProjects/4-LDRDAMDIS/DIMSWE-study-d0eb615/external-results/test2b-rain-active-learning/production/representation-A/h1-from-m1-m20-5k/fit_result.json; /Users/arjunsharma/Documents/SandiaProjects/4-LDRDAMDIS/DIMSWE-study-d0eb615/external-results/test2b-rain-active-learning/production/representation-A/representation_a_final_comparison.json,The fitted_column value is the terminal training objective; every other numeric cell is a post-hoc diagnostic evaluation.,H1,POST_HOC_DIAGNOSTIC,POST_HOC_DIAGNOSTIC,POST_HOC_DIAGNOSTIC,FITTED,POST_HOC_DIAGNOSTIC,POST_HOC_DIAGNOSTIC
t2b-a-h2,Test 2B,A,accepted horizon ladder,H2,J_H2,0.00015543799479717557,4.5694734353326805e-05,0.00011898020748438811,3.0002290459653828e-05,5.518718280643356e-05,0.00011044682789864873,/Users/arjunsharma/Documents/SandiaProjects/4-LDRDAMDIS/DIMSWE-study-d0eb615/external-results/test2b-rain-active-learning/production/representation-A/h2-from-h1-m20-20/fit_result.json; /Users/arjunsharma/Documents/SandiaProjects/4-LDRDAMDIS/DIMSWE-study-d0eb615/external-results/test2b-rain-active-learning/production/representation-A/representation_a_final_comparison.json,The fitted_column value is the terminal training objective; every other numeric cell is a post-hoc diagnostic evaluation.,H2,POST_HOC_DIAGNOSTIC,POST_HOC_DIAGNOSTIC,POST_HOC_DIAGNOSTIC,POST_HOC_DIAGNOSTIC,FITTED,POST_HOC_DIAGNOSTIC
t2b-a-h5,Test 2B,A,accepted horizon ladder,H5,J_H5,0.00015728459431822668,4.578429353000684e-05,0.00012042262782866915,3.0090679978333905e-05,5.5284127940956e-05,0.00011019889746677016,/Users/arjunsharma/Documents/SandiaProjects/4-LDRDAMDIS/DIMSWE-study-d0eb615/external-results/test2b-rain-active-learning/production/representation-A/h5-from-h2-m20-20/fit_result.json; /Users/arjunsharma/Documents/SandiaProjects/4-LDRDAMDIS/DIMSWE-study-d0eb615/external-results/test2b-rain-active-learning/production/representation-A/representation_a_final_comparison.json,The fitted_column value is the terminal training objective; every other numeric cell is a post-hoc diagnostic evaluation.,H5,POST_HOC_DIAGNOSTIC,POST_HOC_DIAGNOSTIC,POST_HOC_DIAGNOSTIC,POST_HOC_DIAGNOSTIC,POST_HOC_DIAGNOSTIC,FITTED
t2b-b-m1x,Test 2B,B,accepted core,M1-X,J_M1_X,4.072769317816356e-05,0.00028540368355305025,2.6983137744699252e-05,0.00022321605852819912,0.00046971842827333383,0.001402828164697441,/Users/arjunsharma/Documents/SandiaProjects/4-LDRDAMDIS/DIMSWE-study-d0eb615/external-results/test2b-rain-active-learning/production/representation-B/m1-seed0-m20-10k/fit_result.json; /Users/arjunsharma/Documents/SandiaProjects/4-LDRDAMDIS/DIMSWE-study-d0eb615/external-results/test2b-rain-active-learning/production/representation-B/representation_b_final_comparison.json; /Users/arjunsharma/Documents/SandiaProjects/4-LDRDAMDIS/DIMSWE-feature-study-20260828/m1y_test2b_20260828_workspace/external-results/m1y-test2b-20260828/evaluation/representation_B_matched.json,The fitted_column value is the terminal training objective; every other numeric cell is a post-hoc diagnostic evaluation.,M1-X,FITTED,POST_HOC_DIAGNOSTIC,POST_HOC_DIAGNOSTIC,POST_HOC_DIAGNOSTIC,POST_HOC_DIAGNOSTIC,POST_HOC_DIAGNOSTIC
t2b-b-m1y,Test 2B,B,matched M1-X/M1-Y control,M1-Y,J_M1_Y,0.0001161388011332269,3.261043519805743e-05,8.769001149911586e-05,2.0652289847249888e-05,3.0092041692992787e-05,4.384985073755394e-05,/Users/arjunsharma/Documents/SandiaProjects/4-LDRDAMDIS/DIMSWE-feature-study-20260828/m1y_test2b_20260828_workspace/external-results/m1y-test2b-20260828/production/representation-B/m1y-seed0-m20-10k/fit_result.json; /Users/arjunsharma/Documents/SandiaProjects/4-LDRDAMDIS/DIMSWE-feature-study-20260828/m1y_test2b_20260828_workspace/external-results/m1y-test2b-20260828/evaluation/representation_B_matched.json,The fitted_column value is the terminal training objective; every other numeric cell is a post-hoc diagnostic evaluation.,M1-Y,POST_HOC_DIAGNOSTIC,FITTED,POST_HOC_DIAGNOSTIC,POST_HOC_DIAGNOSTIC,POST_HOC_DIAGNOSTIC,POST_HOC_DIAGNOSTIC
t2b-b-m2x-independent,Test 2B,B,accepted core,M2-X,J_M2_X,0.1475171512250105,0.14745097304347274,1.863373258646678e-05,0.0002177195124852273,0.0004637982508129189,0.0014475034220879873,/Users/arjunsharma/Documents/SandiaProjects/4-LDRDAMDIS/DIMSWE-study-d0eb615/external-results/test2b-rain-active-learning/production/representation-B/m2x-seed0-m20-10k/fit_result.json; /Users/arjunsharma/Documents/SandiaProjects/4-LDRDAMDIS/DIMSWE-study-d0eb615/external-results/test2b-rain-active-learning/production/representation-B/representation_b_final_comparison.json,The fitted_column value is the terminal training objective; every other numeric cell is a post-hoc diagnostic evaluation.,M2-X-independent,POST_HOC_DIAGNOSTIC,POST_HOC_DIAGNOSTIC,FITTED,POST_HOC_DIAGNOSTIC,POST_HOC_DIAGNOSTIC,POST_HOC_DIAGNOSTIC
t2b-b-m2x-warm,Test 2B,B,accepted warm-start branch,M2-X,J_M2_X,0.0014203985431530742,0.0016319225773795158,1.4814244410556754e-05,0.000182533611581106,0.00038974981118315157,0.0012002049966588278,/Users/arjunsharma/Documents/SandiaProjects/4-LDRDAMDIS/DIMSWE-study-d0eb615/external-results/test2b-rain-active-learning/production/representation-B/m1-to-m2x-m20-5k/fit_result.json; /Users/arjunsharma/Documents/SandiaProjects/4-LDRDAMDIS/DIMSWE-study-d0eb615/external-results/test2b-rain-active-learning/production/representation-B/representation_b_final_comparison.json,The fitted_column value is the terminal training objective; every other numeric cell is a post-hoc diagnostic evaluation.,warm M2-X,POST_HOC_DIAGNOSTIC,POST_HOC_DIAGNOSTIC,FITTED,POST_HOC_DIAGNOSTIC,POST_HOC_DIAGNOSTIC,POST_HOC_DIAGNOSTIC
t2b-b-h1,Test 2B,B,accepted horizon ladder,H1,J_H1,0.002448112289273547,0.002375372933154954,7.816423250374127e-05,2.2820014210665148e-05,3.99499252746403e-05,7.428577345792135e-05,/Users/arjunsharma/Documents/SandiaProjects/4-LDRDAMDIS/DIMSWE-study-d0eb615/external-results/test2b-rain-active-learning/production/representation-B/h1-from-m1-m20-5k/fit_result.json; /Users/arjunsharma/Documents/SandiaProjects/4-LDRDAMDIS/DIMSWE-study-d0eb615/external-results/test2b-rain-active-learning/production/representation-B/representation_b_final_comparison.json,The fitted_column value is the terminal training objective; every other numeric cell is a post-hoc diagnostic evaluation.,H1,POST_HOC_DIAGNOSTIC,POST_HOC_DIAGNOSTIC,POST_HOC_DIAGNOSTIC,FITTED,POST_HOC_DIAGNOSTIC,POST_HOC_DIAGNOSTIC
t2b-b-h2,Test 2B,B,accepted horizon ladder,H2,J_H2,0.0024477556169140817,0.0023753861412240513,7.783796743255358e-05,2.2798499371866257e-05,3.990593206801135e-05,7.420138285232397e-05,/Users/arjunsharma/Documents/SandiaProjects/4-LDRDAMDIS/DIMSWE-study-d0eb615/external-results/test2b-rain-active-learning/production/representation-B/h2-from-h1-m20-20/fit_result.json; /Users/arjunsharma/Documents/SandiaProjects/4-LDRDAMDIS/DIMSWE-study-d0eb615/external-results/test2b-rain-active-learning/production/representation-B/representation_b_final_comparison.json,The fitted_column value is the terminal training objective; every other numeric cell is a post-hoc diagnostic evaluation.,H2,POST_HOC_DIAGNOSTIC,POST_HOC_DIAGNOSTIC,POST_HOC_DIAGNOSTIC,POST_HOC_DIAGNOSTIC,FITTED,POST_HOC_DIAGNOSTIC
t2b-b-h5,Test 2B,B,accepted horizon ladder,H5,J_H5,0.002447240636862587,0.0023752754110600645,7.755821006444219e-05,2.2913030788814663e-05,3.997142797819969e-05,7.397756301974212e-05,/Users/arjunsharma/Documents/SandiaProjects/4-LDRDAMDIS/DIMSWE-study-d0eb615/external-results/test2b-rain-active-learning/production/representation-B/h5-from-h2-m20-20/fit_result.json; /Users/arjunsharma/Documents/SandiaProjects/4-LDRDAMDIS/DIMSWE-study-d0eb615/external-results/test2b-rain-active-learning/production/representation-B/representation_b_final_comparison.json,The fitted_column value is the terminal training objective; every other numeric cell is a post-hoc diagnostic evaluation.,H5,POST_HOC_DIAGNOSTIC,POST_HOC_DIAGNOSTIC,POST_HOC_DIAGNOSTIC,POST_HOC_DIAGNOSTIC,POST_HOC_DIAGNOSTIC,FITTED
t2b-c-m1x,Test 2B,C,accepted core,M1-X,J_M1_X,3.8697519765561936e-05,0.0002848690637274083,2.910555341715176e-05,0.0002729769270888485,0.0005873496433688943,0.001876094170907754,/Users/arjunsharma/Documents/SandiaProjects/4-LDRDAMDIS/DIMSWE-study-d0eb615/external-results/test2b-rain-active-learning/production/representation-C/m1-seed0-m20-10k/fit_result.json; /Users/arjunsharma/Documents/SandiaProjects/4-LDRDAMDIS/DIMSWE-study-d0eb615/external-results/test2b-rain-active-learning/production/representation-C/representation_c_final_comparison.json; /Users/arjunsharma/Documents/SandiaProjects/4-LDRDAMDIS/DIMSWE-feature-study-20260828/m1y_test2b_20260828_workspace/external-results/m1y-test2b-20260828/evaluation/representation_C_matched.json,The fitted_column value is the terminal training objective; every other numeric cell is a post-hoc diagnostic evaluation.,M1-X,FITTED,POST_HOC_DIAGNOSTIC,POST_HOC_DIAGNOSTIC,POST_HOC_DIAGNOSTIC,POST_HOC_DIAGNOSTIC,POST_HOC_DIAGNOSTIC
t2b-c-m1y,Test 2B,C,matched M1-X/M1-Y control,M1-Y,J_M1_Y,0.00010581536608379215,3.8058600673884094e-05,9.29781826051466e-05,2.2213221713117333e-05,3.652920616761063e-05,6.189595677418655e-05,/Users/arjunsharma/Documents/SandiaProjects/4-LDRDAMDIS/DIMSWE-feature-study-20260828/m1y_test2b_20260828_workspace/external-results/m1y-test2b-20260828/production/representation-C/m1y-seed0-m20-10k/fit_result.json; /Users/arjunsharma/Documents/SandiaProjects/4-LDRDAMDIS/DIMSWE-feature-study-20260828/m1y_test2b_20260828_workspace/external-results/m1y-test2b-20260828/evaluation/representation_C_matched.json,The fitted_column value is the terminal training objective; every other numeric cell is a post-hoc diagnostic evaluation.,M1-Y,POST_HOC_DIAGNOSTIC,FITTED,POST_HOC_DIAGNOSTIC,POST_HOC_DIAGNOSTIC,POST_HOC_DIAGNOSTIC,POST_HOC_DIAGNOSTIC
t2b-c-m2x-independent,Test 2B,C,accepted core,M2-X,J_M2_X,0.575639990437488,0.5755437894764136,1.538900036045785e-05,0.00014091298515868874,0.0009067598546577219,0.01313799166794933,/Users/arjunsharma/Documents/SandiaProjects/4-LDRDAMDIS/DIMSWE-study-d0eb615/external-results/test2b-rain-active-learning/production/representation-C/m2x-seed0-m20-10k/fit_result.json; /Users/arjunsharma/Documents/SandiaProjects/4-LDRDAMDIS/DIMSWE-study-d0eb615/external-results/test2b-rain-active-learning/production/representation-C/representation_c_final_comparison.json,The fitted_column value is the terminal training objective; every other numeric cell is a post-hoc diagnostic evaluation.,M2-X-independent,POST_HOC_DIAGNOSTIC,POST_HOC_DIAGNOSTIC,FITTED,POST_HOC_DIAGNOSTIC,POST_HOC_DIAGNOSTIC,POST_HOC_DIAGNOSTIC
t2b-c-m2x-warm,Test 2B,C,accepted warm-start branch,M2-X,J_M2_X,0.003987969470579108,0.004253915031741196,1.4039537322282988e-05,0.00017998973063849757,0.0005013015676922844,0.0024027172684166994,/Users/arjunsharma/Documents/SandiaProjects/4-LDRDAMDIS/DIMSWE-study-d0eb615/external-results/test2b-rain-active-learning/production/representation-C/m1-to-m2x-m20-5k/fit_result.json; /Users/arjunsharma/Documents/SandiaProjects/4-LDRDAMDIS/DIMSWE-study-d0eb615/external-results/test2b-rain-active-learning/production/representation-C/representation_c_final_comparison.json,The fitted_column value is the terminal training objective; every other numeric cell is a post-hoc diagnostic evaluation.,warm M2-X,POST_HOC_DIAGNOSTIC,POST_HOC_DIAGNOSTIC,FITTED,POST_HOC_DIAGNOSTIC,POST_HOC_DIAGNOSTIC,POST_HOC_DIAGNOSTIC
t2b-c-h1,Test 2B,C,accepted horizon ladder,H1,J_H1,0.0074372905560185325,0.007517630510980923,7.690486481498347e-05,3.426713133257584e-05,0.00023343392561144002,0.002564548446179087,/Users/arjunsharma/Documents/SandiaProjects/4-LDRDAMDIS/DIMSWE-study-d0eb615/external-results/test2b-rain-active-learning/production/representation-C/h1-from-m1-m20-5k/fit_result.json; /Users/arjunsharma/Documents/SandiaProjects/4-LDRDAMDIS/DIMSWE-study-d0eb615/external-results/test2b-rain-active-learning/production/representation-C/representation_c_final_comparison.json,The fitted_column value is the terminal training objective; every other numeric cell is a post-hoc diagnostic evaluation.,H1,POST_HOC_DIAGNOSTIC,POST_HOC_DIAGNOSTIC,POST_HOC_DIAGNOSTIC,FITTED,POST_HOC_DIAGNOSTIC,POST_HOC_DIAGNOSTIC
t2b-c-h2,Test 2B,C,accepted horizon ladder,H2,J_H2,0.007527349584941568,0.0076452551957285715,8.8855979764991e-05,7.7326662637472e-05,0.00014003948998326003,0.001527644917579688,/Users/arjunsharma/Documents/SandiaProjects/4-LDRDAMDIS/DIMSWE-study-d0eb615/external-results/test2b-rain-active-learning/production/representation-C/h2-from-h1-m20-20/fit_result.json; /Users/arjunsharma/Documents/SandiaProjects/4-LDRDAMDIS/DIMSWE-study-d0eb615/external-results/test2b-rain-active-learning/production/representation-C/representation_c_final_comparison.json,The fitted_column value is the terminal training objective; every other numeric cell is a post-hoc diagnostic evaluation.,H2,POST_HOC_DIAGNOSTIC,POST_HOC_DIAGNOSTIC,POST_HOC_DIAGNOSTIC,POST_HOC_DIAGNOSTIC,FITTED,POST_HOC_DIAGNOSTIC
t2b-c-h5,Test 2B,C,accepted horizon ladder,H5,J_H5,0.008536665646041872,0.008766945949557724,0.0004467314230073797,0.0005370818889474348,0.000521414324370733,0.0007034132450114223,/Users/arjunsharma/Documents/SandiaProjects/4-LDRDAMDIS/DIMSWE-study-d0eb615/external-results/test2b-rain-active-learning/production/representation-C/h5-from-h2-m20-20/fit_result.json; /Users/arjunsharma/Documents/SandiaProjects/4-LDRDAMDIS/DIMSWE-study-d0eb615/external-results/test2b-rain-active-learning/production/representation-C/representation_c_final_comparison.json,The fitted_column value is the terminal training objective; every other numeric cell is a post-hoc diagnostic evaluation.,H5,POST_HOC_DIAGNOSTIC,POST_HOC_DIAGNOSTIC,POST_HOC_DIAGNOSTIC,POST_HOC_DIAGNOSTIC,POST_HOC_DIAGNOSTIC,FITTED
