physical_case,run_id,representation,model_label,maximum_absolute_total_water_drift,relative_maximum_total_water_drift,final_total_water_drift,final_mixed_state_error,maximum_mixed_state_error,minimum_Qv_coefficient,minimum_Qc_coefficient,minimum_Qr_coefficient,minimum_moisture_coefficient,final_Qc_mass,final_Qc_mass_error,final_Qr_mass,final_Qr_mass_error,rain_onset_time_s,rain_onset_error_s,pre_truth_onset_false_positive_count,pre_truth_onset_false_positive_fraction,false_negative_rate_given_truth_active,time_integrated_rain_source_mass,time_integrated_rain_source_mass_error,water_source_identity_status,water_source_defect_RMS,water_source_defect_maximum_absolute,thermodynamic_source_identity_status,S_minus_beta2_Qv_source_defect_RMS,S_minus_beta2_Qv_source_defect_maximum_absolute,all_state_coefficients_finite,source_path,quantity_kind
Test 2B,t2b-a-m1x,A,M1-X,0.65625,1.7742780285355334e-14,-0.515625,8.330283984278235e-06,9.880422827504902e-06,0.5521409051511114,-0.0019464170424938441,-1.7462999002521973e-06,-0.0019464170424938441,1552334261161.7751,822944808.5439453,237104312.9454319,6371305.965028882,5100.0,0.0,NOT_STORED_ANALYTICAL_R_ON_MODEL_STATE,NOT_STORED_ANALYTICAL_R_ON_MODEL_STATE,NOT_STORED_ANALYTICAL_R_ON_MODEL_STATE,237104312.94543236,6371305.965029895,STRUCTURALLY ENFORCED,0.0,1.3210074382471852e-21,STRUCTURALLY ENFORCED,0.0,1.3877787807814457e-17,True,/Users/arjunsharma/Documents/SandiaProjects/4-LDRDAMDIS/DIMSWE-study-d0eb615/external-results/test2b-rain-active-learning/production/representation-A/representation_a_final_comparison.json,FINAL STORED DEPLOYMENT DIAGNOSTIC
Test 2B,t2b-a-m2x-independent,A,M2-X-independent,0.671875,1.816522743500665e-14,-0.515625,1.0340615093646372e-05,1.2164368318992438e-05,0.5542615174416595,-0.00248604220544647,-1.7257397605186445e-06,-0.00248604220544647,1549745957270.4192,-1765359082.8120117,232933955.24847478,2200948.2680717707,5100.0,0.0,NOT_STORED_ANALYTICAL_R_ON_MODEL_STATE,NOT_STORED_ANALYTICAL_R_ON_MODEL_STATE,NOT_STORED_ANALYTICAL_R_ON_MODEL_STATE,232933955.24847507,2200948.268072605,STRUCTURALLY ENFORCED,0.0,1.6618058506190326e-21,STRUCTURALLY ENFORCED,0.0,1.3877787807814457e-17,True,/Users/arjunsharma/Documents/SandiaProjects/4-LDRDAMDIS/DIMSWE-study-d0eb615/external-results/test2b-rain-active-learning/production/representation-A/representation_a_final_comparison.json,FINAL STORED DEPLOYMENT DIAGNOSTIC
Test 2B,t2b-a-m2x-warm,A,warm M2-X,0.703125,1.9010121734309286e-14,-0.390625,8.025150749131838e-06,1.0075467833170303e-05,0.5528614996536042,-0.001628696342055185,-1.7734297482488686e-06,-0.001628696342055185,1552039110948.2349,527794595.0036621,227634371.15606946,-3098635.8243335485,5100.0,0.0,NOT_STORED_ANALYTICAL_R_ON_MODEL_STATE,NOT_STORED_ANALYTICAL_R_ON_MODEL_STATE,NOT_STORED_ANALYTICAL_R_ON_MODEL_STATE,227634371.15606898,-3098635.824333489,STRUCTURALLY ENFORCED,0.0,1.313562812734208e-21,STRUCTURALLY ENFORCED,0.0,1.3877787807814457e-17,True,/Users/arjunsharma/Documents/SandiaProjects/4-LDRDAMDIS/DIMSWE-study-d0eb615/external-results/test2b-rain-active-learning/production/representation-A/representation_a_final_comparison.json,FINAL STORED DEPLOYMENT DIAGNOSTIC
Test 2B,t2b-a-h1,A,H1,0.6875,1.8587674584657967e-14,-0.4296875,4.934450636716652e-06,4.934450636716652e-06,0.5507288328222814,-0.0018749076541776204,-1.782493792739096e-06,-0.0018749076541776204,1553517157548.008,2005841194.7768555,254850599.1680839,24117592.1876809,5100.0,0.0,NOT_STORED_ANALYTICAL_R_ON_MODEL_STATE,NOT_STORED_ANALYTICAL_R_ON_MODEL_STATE,NOT_STORED_ANALYTICAL_R_ON_MODEL_STATE,254850599.16808414,24117592.187681675,STRUCTURALLY ENFORCED,0.0,1.3946265127644047e-21,STRUCTURALLY ENFORCED,0.0,1.3877787807814457e-17,True,/Users/arjunsharma/Documents/SandiaProjects/4-LDRDAMDIS/DIMSWE-study-d0eb615/external-results/test2b-rain-active-learning/production/representation-A/representation_a_final_comparison.json,FINAL STORED DEPLOYMENT DIAGNOSTIC
Test 2B,t2b-a-h2,A,H2,0.65625,1.7742780285355334e-14,-0.5078125,4.934722086432549e-06,4.934722086432549e-06,0.5507266820913157,-0.001904232398102531,-1.7834499444323197e-06,-0.001904232398102531,1553536045611.6477,2024729258.416504,254811400.88568193,24078393.90527892,5100.0,0.0,NOT_STORED_ANALYTICAL_R_ON_MODEL_STATE,NOT_STORED_ANALYTICAL_R_ON_MODEL_STATE,NOT_STORED_ANALYTICAL_R_ON_MODEL_STATE,254811400.8856823,24078393.905279845,STRUCTURALLY ENFORCED,0.0,1.3036366453835716e-21,STRUCTURALLY ENFORCED,0.0,1.3877787807814457e-17,True,/Users/arjunsharma/Documents/SandiaProjects/4-LDRDAMDIS/DIMSWE-study-d0eb615/external-results/test2b-rain-active-learning/production/representation-A/representation_a_final_comparison.json,FINAL STORED DEPLOYMENT DIAGNOSTIC
Test 2B,t2b-a-h5,A,H5,0.6796875,1.837645100983231e-14,-0.484375,4.967013464965742e-06,4.967013464965742e-06,0.5507155611856769,-0.0018746062027734092,-1.7820744485338723e-06,-0.0018746062027734092,1553550169838.142,2038853484.9108887,254195731.19967157,23462724.21926856,5100.0,0.0,NOT_STORED_ANALYTICAL_R_ON_MODEL_STATE,NOT_STORED_ANALYTICAL_R_ON_MODEL_STATE,NOT_STORED_ANALYTICAL_R_ON_MODEL_STATE,254195731.19967225,23462724.219269782,STRUCTURALLY ENFORCED,0.0,1.3499587596865412e-21,STRUCTURALLY ENFORCED,0.0,1.3877787807814457e-17,True,/Users/arjunsharma/Documents/SandiaProjects/4-LDRDAMDIS/DIMSWE-study-d0eb615/external-results/test2b-rain-active-learning/production/representation-A/representation_a_final_comparison.json,FINAL STORED DEPLOYMENT DIAGNOSTIC
Test 2B,t2b-a-m1y,A,M1-Y,0.7421875,2.006623960843758e-14,-0.5,9.057833617586438e-06,1.1401096147439624e-05,0.5561679522927168,-0.0004517758371274292,-1.797193216219642e-06,-0.0004517758371274292,1548741767468.5337,-2769548884.69751,232575981.75040227,1842974.7699992657,5100.0,0.0,NOT_STORED_ANALYTICAL_R_ON_MODEL_STATE,NOT_STORED_ANALYTICAL_R_ON_MODEL_STATE,NOT_STORED_ANALYTICAL_R_ON_MODEL_STATE,232575981.75040254,1842974.7700000703,STRUCTURALLY ENFORCED,0.0,1.2813027688446399e-21,STRUCTURALLY ENFORCED,0.0,1.3877787807814457e-17,True,/Users/arjunsharma/Documents/SandiaProjects/4-LDRDAMDIS/DIMSWE-feature-study-20260828/m1y_test2b_20260828_workspace/external-results/m1y-test2b-20260828/evaluation/representation_A_matched.json,FINAL STORED DEPLOYMENT DIAGNOSTIC
Test 2B,t2b-b-m1x,B,M1-X,0.6796875,1.837645100983231e-14,-0.5546875,0.0070248254607707455,0.0070248254607707455,-3.529693640003465,-0.621533076748172,-2.1034643505000602e-06,-3.529693640003465,5959166390792.631,4407655074439.399,683354014.4812819,452621007.5008789,0.0,-5100.0,726110,0.21724626129748775,3.8730348749185784e-05,683354014.4812833,452621007.50088084,STRUCTURALLY ENFORCED,0.0,2.798116265792315e-19,STRUCTURALLY ENFORCED,0.0,1.3877787807814457e-17,True,/Users/arjunsharma/Documents/SandiaProjects/4-LDRDAMDIS/DIMSWE-study-d0eb615/external-results/test2b-rain-active-learning/production/representation-B/representation_b_final_comparison.json,FINAL STORED DEPLOYMENT DIAGNOSTIC
Test 2B,t2b-b-m2x-independent,B,M2-X-independent,0.7265625,1.9643792458786263e-14,-0.4921875,1.0321428688884731e-05,1.5666261384673602e-05,0.5524616725274956,-0.0024644994617648484,-0.00016659425144784445,-0.0024644994617648484,1554099181687.5015,2587865334.2702637,-1757136961.3254414,-1987869968.3058443,0.0,-5100.0,373508,0.11175058402267157,0.9997101409267208,-1757136961.3254445,-1987869968.305847,STRUCTURALLY ENFORCED,0.0,1.7825323440332641e-19,STRUCTURALLY ENFORCED,0.0,1.3877787807814457e-17,True,/Users/arjunsharma/Documents/SandiaProjects/4-LDRDAMDIS/DIMSWE-study-d0eb615/external-results/test2b-rain-active-learning/production/representation-B/representation_b_final_comparison.json,FINAL STORED DEPLOYMENT DIAGNOSTIC
Test 2B,t2b-b-m2x-warm,B,warm M2-X,0.703125,1.9010121734309286e-14,-0.4609375,8.968337900553779e-06,1.2424451001858404e-05,0.5530651022219877,-0.0027160024307283357,-1.6360206585836835e-06,-0.0027160024307283357,1551471392204.546,-39924148.685302734,142571986.7710874,-88161020.2093156,0.0,-5100.0,2741202,0.8201455508961397,0.0013175230566534915,142571986.77108735,-88161020.20931512,STRUCTURALLY ENFORCED,0.0,1.808831000645739e-19,STRUCTURALLY ENFORCED,0.0,1.3877787807814457e-17,True,/Users/arjunsharma/Documents/SandiaProjects/4-LDRDAMDIS/DIMSWE-study-d0eb615/external-results/test2b-rain-active-learning/production/representation-B/representation_b_final_comparison.json,FINAL STORED DEPLOYMENT DIAGNOSTIC
Test 2B,t2b-b-h1,B,H1,0.6328125,1.7109109560878357e-14,-0.5546875,3.3807730136649888e-06,3.8888069156476835e-06,0.5546705927251638,-0.001411055849738243,-2.9463315372324424e-06,-0.001411055849738243,1550570840213.1792,-940476140.052002,151260771.10737765,-79472235.87302536,0.0,-5100.0,2758522,0.8253275553385416,0.0,151260771.10737783,-79472235.87302464,STRUCTURALLY ENFORCED,0.0,1.83627892132178e-19,STRUCTURALLY ENFORCED,0.0,1.3877787807814457e-17,True,/Users/arjunsharma/Documents/SandiaProjects/4-LDRDAMDIS/DIMSWE-study-d0eb615/external-results/test2b-rain-active-learning/production/representation-B/representation_b_final_comparison.json,FINAL STORED DEPLOYMENT DIAGNOSTIC
Test 2B,t2b-b-h2,B,H2,0.6640625,1.795400386018099e-14,-0.5234375,3.3692798928241237e-06,3.875264573951402e-06,0.5546545678742307,-0.0014082069352182268,-2.943660661444922e-06,-0.0014082069352182268,1550603455237.671,-907861115.5603027,151472560.02569664,-79260446.95470637,0.0,-5100.0,2758486,0.8253167844286152,0.0,151472560.02569652,-79260446.95470595,STRUCTURALLY ENFORCED,0.0,1.829744194482611e-19,STRUCTURALLY ENFORCED,0.0,1.3877787807814457e-17,True,/Users/arjunsharma/Documents/SandiaProjects/4-LDRDAMDIS/DIMSWE-study-d0eb615/external-results/test2b-rain-active-learning/production/representation-B/representation_b_final_comparison.json,FINAL STORED DEPLOYMENT DIAGNOSTIC
Test 2B,t2b-b-h5,B,H5,0.6875,1.8587674584657967e-14,-0.53125,3.3078053317929307e-06,3.817337448788364e-06,0.5546561009805205,-0.0014142718352285555,-2.939533312644917e-06,-0.0014142718352285555,1550571917448.1157,-939398905.1154785,150267821.5104218,-80465185.4699812,0.0,-5100.0,2758516,0.8253257601868873,0.0,150267821.51042175,-80465185.46998072,STRUCTURALLY ENFORCED,0.0,1.8278065238977056e-19,STRUCTURALLY ENFORCED,0.0,1.3877787807814457e-17,True,/Users/arjunsharma/Documents/SandiaProjects/4-LDRDAMDIS/DIMSWE-study-d0eb615/external-results/test2b-rain-active-learning/production/representation-B/representation_b_final_comparison.json,FINAL STORED DEPLOYMENT DIAGNOSTIC
Test 2B,t2b-b-m1y,B,M1-Y,0.6875,1.8587674584657967e-14,-0.453125,5.099172034159845e-06,5.099365299068984e-06,0.5518902298226693,-0.0005154246898617489,-1.5676436391179373e-06,-0.0005154246898617489,1555139196826.3835,3627880473.1523438,256211308.30291852,25478301.322515517,0.0,-5100.0,916088,0.27408614813112747,0.0,256211308.30291855,25478301.322516084,STRUCTURALLY ENFORCED,0.0,1.7664636336202113e-19,STRUCTURALLY ENFORCED,0.0,1.3877787807814457e-17,True,/Users/arjunsharma/Documents/SandiaProjects/4-LDRDAMDIS/DIMSWE-feature-study-20260828/m1y_test2b_20260828_workspace/external-results/m1y-test2b-20260828/evaluation/representation_B_matched.json,FINAL STORED DEPLOYMENT DIAGNOSTIC
Test 2B,t2b-c-m1x,C,M1-X,4749359972.640625,0.00012840662931904584,4749359972.640625,1.5788026680940496e-05,1.8787095709716013e-05,0.5536557821588666,-0.0015166319499180481,-2.938325820815508e-06,-0.0015166319499180481,1557242825538.831,5731509185.5998535,189484976.96716386,-41248030.013239145,0.0,-5100.0,2601026,0.7782060211780024,0.0,189484976.96716377,-41248030.0132387,LEARNED / NOT ENFORCED,1.8749143141496983e-07,2.9364574692495244e-06,LEARNED / NOT ENFORCED,1.6403728224784255e-05,0.00023321468352202151,True,/Users/arjunsharma/Documents/SandiaProjects/4-LDRDAMDIS/DIMSWE-study-d0eb615/external-results/test2b-rain-active-learning/production/representation-C/representation_c_final_comparison.json,FINAL STORED DEPLOYMENT DIAGNOSTIC
Test 2B,t2b-c-m2x-independent,C,M2-X-independent,213339128711.02344,0.005767968437316313,213339128711.02344,0.0005643906734945558,0.0005643906734945558,0.5518558156813095,-0.01898928060290371,-0.0005773633010452572,-0.01898928060290371,1580840181466.8745,29328865113.64331,-7409320567.463009,-7640053574.443412,,,0,0.0,1.0,-7409320567.463007,-7640053574.443409,LEARNED / NOT ENFORCED,2.4778121163729737e-06,5.1682753868812486e-05,LEARNED / NOT ENFORCED,0.0008354953336319981,0.013964265408053561,True,/Users/arjunsharma/Documents/SandiaProjects/4-LDRDAMDIS/DIMSWE-study-d0eb615/external-results/test2b-rain-active-learning/production/representation-C/representation_c_final_comparison.json,FINAL STORED DEPLOYMENT DIAGNOSTIC
Test 2B,t2b-c-m2x-warm,C,warm M2-X,55316622182.3125,0.0014955743596324323,-55316622182.3125,0.0001238939312926057,0.0001238939312926057,0.5552126252117227,-0.008403838211959454,-2.1726812605732183e-05,-0.008403838211959454,1525520170896.3694,-25991145456.861816,-433806183.6477376,-664539190.6281407,0.0,-5100.0,144,4.3083639705882356e-05,0.0,-433806183.64773715,-664539190.6281396,LEARNED / NOT ENFORCED,5.727781399284459e-07,6.0438415198685535e-06,LEARNED / NOT ENFORCED,0.00016430156201050654,0.0027878384071092985,True,/Users/arjunsharma/Documents/SandiaProjects/4-LDRDAMDIS/DIMSWE-study-d0eb615/external-results/test2b-rain-active-learning/production/representation-C/representation_c_final_comparison.json,FINAL STORED DEPLOYMENT DIAGNOSTIC
Test 2B,t2b-c-h1,C,H1,131768672485.73438,0.003562579206715934,-131768672485.73438,0.0001815305444895965,0.0001815305444895965,0.5565574492447206,-0.017532084892398152,-4.939738597845038e-05,-0.017532084892398152,1440140959967.8145,-111370356385.41675,-812441231.8559265,-1043174238.8363295,0.0,-5100.0,7386,0.002209831686580882,,-812441231.8559258,-1043174238.8363283,LEARNED / NOT ENFORCED,8.939973219879312e-07,6.516156139538087e-06,LEARNED / NOT ENFORCED,0.0002413667587125336,0.003202205537280005,True,/Users/arjunsharma/Documents/SandiaProjects/4-LDRDAMDIS/DIMSWE-study-d0eb615/external-results/test2b-rain-active-learning/production/representation-C/representation_c_final_comparison.json,FINAL STORED DEPLOYMENT DIAGNOSTIC
Test 2B,t2b-c-h2,C,H2,418547171040.0703,0.011316099801632009,-418547171040.0703,0.0003959347532908534,0.0003959347532908534,0.551967304721359,-0.01850609342571139,-5.038174386151692e-05,-0.01850609342571139,1388499593591.526,-163011722761.70532,-789614084.0410974,-1020347091.0215003,0.0,-5100.0,7806,0.002335492302389706,,-789614084.0410956,-1020347091.0214981,LEARNED / NOT ENFORCED,1.3227655346706449e-06,7.412334545133182e-06,LEARNED / NOT ENFORCED,0.0003580809498935444,0.0030571421617836825,True,/Users/arjunsharma/Documents/SandiaProjects/4-LDRDAMDIS/DIMSWE-study-d0eb615/external-results/test2b-rain-active-learning/production/representation-C/representation_c_final_comparison.json,FINAL STORED DEPLOYMENT DIAGNOSTIC
Test 2B,t2b-c-h5,C,H5,1252003648509.7578,0.033849943850623815,-1252003648509.7578,0.0013892015732802953,0.0013892015732802953,0.5364581388954334,-0.020883878993614623,-5.3993969841023256e-05,-0.020883878993614623,1281301726196.3765,-270209590156.85474,-543257501.7660602,-773990508.7464633,0.0,-5100.0,8252,0.0024689319087009805,,-543257501.7660604,-773990508.7464628,LEARNED / NOT ENFORCED,3.2773507707283366e-06,9.157029797067094e-06,LEARNED / NOT ENFORCED,0.0009991423738505035,0.002977930517884704,True,/Users/arjunsharma/Documents/SandiaProjects/4-LDRDAMDIS/DIMSWE-study-d0eb615/external-results/test2b-rain-active-learning/production/representation-C/representation_c_final_comparison.json,FINAL STORED DEPLOYMENT DIAGNOSTIC
Test 2B,t2b-c-m1y,C,M1-Y,16450343049.296875,0.0004447616340455569,-16450343049.296875,1.2101480407924054e-05,1.2101480407924054e-05,0.5535949601820941,-0.0006399200097184523,-1.7030246392322469e-06,-0.0006399200097184523,1539229463392.126,-12281852961.105225,164809565.52665725,-65923441.45374575,0.0,-5100.0,2118322,0.6337848738128063,0.0,164809565.52665743,-65923441.45374504,LEARNED / NOT ENFORCED,1.537187736269076e-07,2.3357595685058113e-06,LEARNED / NOT ENFORCED,9.978626859626924e-06,0.00015853703745542097,True,/Users/arjunsharma/Documents/SandiaProjects/4-LDRDAMDIS/DIMSWE-feature-study-20260828/m1y_test2b_20260828_workspace/external-results/m1y-test2b-20260828/evaluation/representation_C_matched.json,FINAL STORED DEPLOYMENT DIAGNOSTIC
