run_id,physical_case,representation,model_label,trained_objective,checkpoint_iteration,checkpoint_parameter_pytree_sha256,checkpoint_npz_sha256,checkpoint_path,evaluation_state,support,state_first,state_last,support_use,quantity,metric,value,metric_provenance,nominal_state_for_model,context
t2b-a-m1x,Test 2B,A,M1-X,M1-X,10000,471f3ac8a9b84f68bbe14bdc7dee62e3a025ac5cf61503db6644d5a1fa1bb506,e4f8d600fdc9833ab9c0c159a0f7601ec7b162f32c0369d44a82988dbd15908f,/Users/arjunsharma/Documents/SandiaProjects/4-LDRDAMDIS/DIMSWE-study-d0eb615/external-results/test2b-rain-active-learning/production/representation-A/m1-seed0-m20-10k/checkpoint_000010000_parameters.npz,X,TRAINING TRUTH SUPPORT,0,80,POST-HOC CHECKPOINT EVALUATION,A,relative_RMS_error,0.0054678457893129,POST-HOC FINAL CHECKPOINT EVALUATION,True,X training
t2b-a-m1y,Test 2B,A,M1-Y,M1-Y,10000,ed838229022ef2ac38a29bb88c8e98f2c173b89e0573088036ad301f76f4e158,a7f98ffe462a89a00d9d2dedd4efb4531cd0feea6e1d64de0b5359bae5e31db4,/Users/arjunsharma/Documents/SandiaProjects/4-LDRDAMDIS/DIMSWE-feature-study-20260828/m1y_test2b_20260828_workspace/external-results/m1y-test2b-20260828/production/representation-A/m1y-seed0-m20-10k/checkpoint_000010000_parameters.npz,X,TRAINING TRUTH SUPPORT,0,80,POST-HOC CHECKPOINT EVALUATION,A,relative_RMS_error,0.0099475325629481,POST-HOC FINAL CHECKPOINT EVALUATION,False,X training
t2b-a-m1x,Test 2B,A,M1-X,M1-X,10000,471f3ac8a9b84f68bbe14bdc7dee62e3a025ac5cf61503db6644d5a1fa1bb506,e4f8d600fdc9833ab9c0c159a0f7601ec7b162f32c0369d44a82988dbd15908f,/Users/arjunsharma/Documents/SandiaProjects/4-LDRDAMDIS/DIMSWE-study-d0eb615/external-results/test2b-rain-active-learning/production/representation-A/m1-seed0-m20-10k/checkpoint_000010000_parameters.npz,X,HELD-OUT TRUTH SUPPORT,81,160,POST-HOC CHECKPOINT EVALUATION,A,relative_RMS_error,2.2330676044621636,POST-HOC FINAL CHECKPOINT EVALUATION,True,X held-out
t2b-a-m1y,Test 2B,A,M1-Y,M1-Y,10000,ed838229022ef2ac38a29bb88c8e98f2c173b89e0573088036ad301f76f4e158,a7f98ffe462a89a00d9d2dedd4efb4531cd0feea6e1d64de0b5359bae5e31db4,/Users/arjunsharma/Documents/SandiaProjects/4-LDRDAMDIS/DIMSWE-feature-study-20260828/m1y_test2b_20260828_workspace/external-results/m1y-test2b-20260828/production/representation-A/m1y-seed0-m20-10k/checkpoint_000010000_parameters.npz,X,HELD-OUT TRUTH SUPPORT,81,160,POST-HOC CHECKPOINT EVALUATION,A,relative_RMS_error,4.916129741340785,POST-HOC FINAL CHECKPOINT EVALUATION,False,X held-out
t2b-a-m1x,Test 2B,A,M1-X,M1-X,10000,471f3ac8a9b84f68bbe14bdc7dee62e3a025ac5cf61503db6644d5a1fa1bb506,e4f8d600fdc9833ab9c0c159a0f7601ec7b162f32c0369d44a82988dbd15908f,/Users/arjunsharma/Documents/SandiaProjects/4-LDRDAMDIS/DIMSWE-study-d0eb615/external-results/test2b-rain-active-learning/production/representation-A/m1-seed0-m20-10k/checkpoint_000010000_parameters.npz,Y,TRAINING TRUTH SUPPORT,0,80,POST-HOC CHECKPOINT EVALUATION,A,relative_RMS_error,0.0152004461694391,POST-HOC FINAL CHECKPOINT EVALUATION,False,Y training
t2b-a-m1y,Test 2B,A,M1-Y,M1-Y,10000,ed838229022ef2ac38a29bb88c8e98f2c173b89e0573088036ad301f76f4e158,a7f98ffe462a89a00d9d2dedd4efb4531cd0feea6e1d64de0b5359bae5e31db4,/Users/arjunsharma/Documents/SandiaProjects/4-LDRDAMDIS/DIMSWE-feature-study-20260828/m1y_test2b_20260828_workspace/external-results/m1y-test2b-20260828/production/representation-A/m1y-seed0-m20-10k/checkpoint_000010000_parameters.npz,Y,TRAINING TRUTH SUPPORT,0,80,POST-HOC CHECKPOINT EVALUATION,A,relative_RMS_error,0.0049391392153953,POST-HOC FINAL CHECKPOINT EVALUATION,True,Y training
t2b-a-m1x,Test 2B,A,M1-X,M1-X,10000,471f3ac8a9b84f68bbe14bdc7dee62e3a025ac5cf61503db6644d5a1fa1bb506,e4f8d600fdc9833ab9c0c159a0f7601ec7b162f32c0369d44a82988dbd15908f,/Users/arjunsharma/Documents/SandiaProjects/4-LDRDAMDIS/DIMSWE-study-d0eb615/external-results/test2b-rain-active-learning/production/representation-A/m1-seed0-m20-10k/checkpoint_000010000_parameters.npz,Y,HELD-OUT TRUTH SUPPORT,81,160,POST-HOC CHECKPOINT EVALUATION,A,relative_RMS_error,1.0151016453285613,POST-HOC FINAL CHECKPOINT EVALUATION,False,Y held-out
t2b-a-m1y,Test 2B,A,M1-Y,M1-Y,10000,ed838229022ef2ac38a29bb88c8e98f2c173b89e0573088036ad301f76f4e158,a7f98ffe462a89a00d9d2dedd4efb4531cd0feea6e1d64de0b5359bae5e31db4,/Users/arjunsharma/Documents/SandiaProjects/4-LDRDAMDIS/DIMSWE-feature-study-20260828/m1y_test2b_20260828_workspace/external-results/m1y-test2b-20260828/production/representation-A/m1y-seed0-m20-10k/checkpoint_000010000_parameters.npz,Y,HELD-OUT TRUTH SUPPORT,81,160,POST-HOC CHECKPOINT EVALUATION,A,relative_RMS_error,2.236155470690119,POST-HOC FINAL CHECKPOINT EVALUATION,True,Y held-out
t2b-b-m1x,Test 2B,B,M1-X,M1-X,10000,cfc9d3da6a8d07d74ae17e3d9a5beabe434e63b8005e95df4a1925c3a63c609c,a740fa161ad5ff954beb73b4b44fda51b705ce34a40718bd8912716425aeb459,/Users/arjunsharma/Documents/SandiaProjects/4-LDRDAMDIS/DIMSWE-study-d0eb615/external-results/test2b-rain-active-learning/production/representation-B/m1-seed0-m20-10k/checkpoint_000010000_parameters.npz,X,TRAINING TRUTH SUPPORT,0,80,POST-HOC CHECKPOINT EVALUATION,A,relative_RMS_error,0.0062909821438976,POST-HOC FINAL CHECKPOINT EVALUATION,True,X training
t2b-b-m1y,Test 2B,B,M1-Y,M1-Y,10000,1adbd173137cbf10928ee4b25865258fc97f74b3c2c4c0a09cfd8629020566ab,3a829ffff2c2ee96946c197e18a7bd7d7495c255212c61bec1b3d24d788a71ee,/Users/arjunsharma/Documents/SandiaProjects/4-LDRDAMDIS/DIMSWE-feature-study-20260828/m1y_test2b_20260828_workspace/external-results/m1y-test2b-20260828/production/representation-B/m1y-seed0-m20-10k/checkpoint_000010000_parameters.npz,X,TRAINING TRUTH SUPPORT,0,80,POST-HOC CHECKPOINT EVALUATION,A,relative_RMS_error,0.0106152021439383,POST-HOC FINAL CHECKPOINT EVALUATION,False,X training
t2b-b-m1x,Test 2B,B,M1-X,M1-X,10000,cfc9d3da6a8d07d74ae17e3d9a5beabe434e63b8005e95df4a1925c3a63c609c,a740fa161ad5ff954beb73b4b44fda51b705ce34a40718bd8912716425aeb459,/Users/arjunsharma/Documents/SandiaProjects/4-LDRDAMDIS/DIMSWE-study-d0eb615/external-results/test2b-rain-active-learning/production/representation-B/m1-seed0-m20-10k/checkpoint_000010000_parameters.npz,X,HELD-OUT TRUTH SUPPORT,81,160,POST-HOC CHECKPOINT EVALUATION,A,relative_RMS_error,2.895952708773319,POST-HOC FINAL CHECKPOINT EVALUATION,True,X held-out
t2b-b-m1y,Test 2B,B,M1-Y,M1-Y,10000,1adbd173137cbf10928ee4b25865258fc97f74b3c2c4c0a09cfd8629020566ab,3a829ffff2c2ee96946c197e18a7bd7d7495c255212c61bec1b3d24d788a71ee,/Users/arjunsharma/Documents/SandiaProjects/4-LDRDAMDIS/DIMSWE-feature-study-20260828/m1y_test2b_20260828_workspace/external-results/m1y-test2b-20260828/production/representation-B/m1y-seed0-m20-10k/checkpoint_000010000_parameters.npz,X,HELD-OUT TRUTH SUPPORT,81,160,POST-HOC CHECKPOINT EVALUATION,A,relative_RMS_error,6.341351512710156,POST-HOC FINAL CHECKPOINT EVALUATION,False,X held-out
t2b-b-m1x,Test 2B,B,M1-X,M1-X,10000,cfc9d3da6a8d07d74ae17e3d9a5beabe434e63b8005e95df4a1925c3a63c609c,a740fa161ad5ff954beb73b4b44fda51b705ce34a40718bd8912716425aeb459,/Users/arjunsharma/Documents/SandiaProjects/4-LDRDAMDIS/DIMSWE-study-d0eb615/external-results/test2b-rain-active-learning/production/representation-B/m1-seed0-m20-10k/checkpoint_000010000_parameters.npz,Y,TRAINING TRUTH SUPPORT,0,80,POST-HOC CHECKPOINT EVALUATION,A,relative_RMS_error,0.0169128237589423,POST-HOC FINAL CHECKPOINT EVALUATION,False,Y training
t2b-b-m1y,Test 2B,B,M1-Y,M1-Y,10000,1adbd173137cbf10928ee4b25865258fc97f74b3c2c4c0a09cfd8629020566ab,3a829ffff2c2ee96946c197e18a7bd7d7495c255212c61bec1b3d24d788a71ee,/Users/arjunsharma/Documents/SandiaProjects/4-LDRDAMDIS/DIMSWE-feature-study-20260828/m1y_test2b_20260828_workspace/external-results/m1y-test2b-20260828/production/representation-B/m1y-seed0-m20-10k/checkpoint_000010000_parameters.npz,Y,TRAINING TRUTH SUPPORT,0,80,POST-HOC CHECKPOINT EVALUATION,A,relative_RMS_error,0.0053411537429543,POST-HOC FINAL CHECKPOINT EVALUATION,True,Y training
t2b-b-m1x,Test 2B,B,M1-X,M1-X,10000,cfc9d3da6a8d07d74ae17e3d9a5beabe434e63b8005e95df4a1925c3a63c609c,a740fa161ad5ff954beb73b4b44fda51b705ce34a40718bd8912716425aeb459,/Users/arjunsharma/Documents/SandiaProjects/4-LDRDAMDIS/DIMSWE-study-d0eb615/external-results/test2b-rain-active-learning/production/representation-B/m1-seed0-m20-10k/checkpoint_000010000_parameters.npz,Y,HELD-OUT TRUTH SUPPORT,81,160,POST-HOC CHECKPOINT EVALUATION,A,relative_RMS_error,1.3682283149039298,POST-HOC FINAL CHECKPOINT EVALUATION,False,Y held-out
t2b-b-m1y,Test 2B,B,M1-Y,M1-Y,10000,1adbd173137cbf10928ee4b25865258fc97f74b3c2c4c0a09cfd8629020566ab,3a829ffff2c2ee96946c197e18a7bd7d7495c255212c61bec1b3d24d788a71ee,/Users/arjunsharma/Documents/SandiaProjects/4-LDRDAMDIS/DIMSWE-feature-study-20260828/m1y_test2b_20260828_workspace/external-results/m1y-test2b-20260828/production/representation-B/m1y-seed0-m20-10k/checkpoint_000010000_parameters.npz,Y,HELD-OUT TRUTH SUPPORT,81,160,POST-HOC CHECKPOINT EVALUATION,A,relative_RMS_error,2.9270513111615144,POST-HOC FINAL CHECKPOINT EVALUATION,True,Y held-out
t2b-b-m1x,Test 2B,B,M1-X,M1-X,10000,cfc9d3da6a8d07d74ae17e3d9a5beabe434e63b8005e95df4a1925c3a63c609c,a740fa161ad5ff954beb73b4b44fda51b705ce34a40718bd8912716425aeb459,/Users/arjunsharma/Documents/SandiaProjects/4-LDRDAMDIS/DIMSWE-study-d0eb615/external-results/test2b-rain-active-learning/production/representation-B/m1-seed0-m20-10k/checkpoint_000010000_parameters.npz,X,TRAINING TRUTH SUPPORT,0,80,POST-HOC CHECKPOINT EVALUATION,R_truth_active,relative_RMS_error,0.0095941705807928,POST-HOC FINAL CHECKPOINT EVALUATION,True,X training
t2b-b-m1y,Test 2B,B,M1-Y,M1-Y,10000,1adbd173137cbf10928ee4b25865258fc97f74b3c2c4c0a09cfd8629020566ab,3a829ffff2c2ee96946c197e18a7bd7d7495c255212c61bec1b3d24d788a71ee,/Users/arjunsharma/Documents/SandiaProjects/4-LDRDAMDIS/DIMSWE-feature-study-20260828/m1y_test2b_20260828_workspace/external-results/m1y-test2b-20260828/production/representation-B/m1y-seed0-m20-10k/checkpoint_000010000_parameters.npz,X,TRAINING TRUTH SUPPORT,0,80,POST-HOC CHECKPOINT EVALUATION,R_truth_active,relative_RMS_error,0.0162965941905599,POST-HOC FINAL CHECKPOINT EVALUATION,False,X training
t2b-b-m1x,Test 2B,B,M1-X,M1-X,10000,cfc9d3da6a8d07d74ae17e3d9a5beabe434e63b8005e95df4a1925c3a63c609c,a740fa161ad5ff954beb73b4b44fda51b705ce34a40718bd8912716425aeb459,/Users/arjunsharma/Documents/SandiaProjects/4-LDRDAMDIS/DIMSWE-study-d0eb615/external-results/test2b-rain-active-learning/production/representation-B/m1-seed0-m20-10k/checkpoint_000010000_parameters.npz,X,HELD-OUT TRUTH SUPPORT,81,160,POST-HOC CHECKPOINT EVALUATION,R_truth_active,relative_RMS_error,0.0189471763896229,POST-HOC FINAL CHECKPOINT EVALUATION,True,X held-out
t2b-b-m1y,Test 2B,B,M1-Y,M1-Y,10000,1adbd173137cbf10928ee4b25865258fc97f74b3c2c4c0a09cfd8629020566ab,3a829ffff2c2ee96946c197e18a7bd7d7495c255212c61bec1b3d24d788a71ee,/Users/arjunsharma/Documents/SandiaProjects/4-LDRDAMDIS/DIMSWE-feature-study-20260828/m1y_test2b_20260828_workspace/external-results/m1y-test2b-20260828/production/representation-B/m1y-seed0-m20-10k/checkpoint_000010000_parameters.npz,X,HELD-OUT TRUTH SUPPORT,81,160,POST-HOC CHECKPOINT EVALUATION,R_truth_active,relative_RMS_error,0.0260585710310409,POST-HOC FINAL CHECKPOINT EVALUATION,False,X held-out
t2b-b-m1x,Test 2B,B,M1-X,M1-X,10000,cfc9d3da6a8d07d74ae17e3d9a5beabe434e63b8005e95df4a1925c3a63c609c,a740fa161ad5ff954beb73b4b44fda51b705ce34a40718bd8912716425aeb459,/Users/arjunsharma/Documents/SandiaProjects/4-LDRDAMDIS/DIMSWE-study-d0eb615/external-results/test2b-rain-active-learning/production/representation-B/m1-seed0-m20-10k/checkpoint_000010000_parameters.npz,Y,TRAINING TRUTH SUPPORT,0,80,POST-HOC CHECKPOINT EVALUATION,R_truth_active,relative_RMS_error,0.0095527159095477,POST-HOC FINAL CHECKPOINT EVALUATION,False,Y training
t2b-b-m1y,Test 2B,B,M1-Y,M1-Y,10000,1adbd173137cbf10928ee4b25865258fc97f74b3c2c4c0a09cfd8629020566ab,3a829ffff2c2ee96946c197e18a7bd7d7495c255212c61bec1b3d24d788a71ee,/Users/arjunsharma/Documents/SandiaProjects/4-LDRDAMDIS/DIMSWE-feature-study-20260828/m1y_test2b_20260828_workspace/external-results/m1y-test2b-20260828/production/representation-B/m1y-seed0-m20-10k/checkpoint_000010000_parameters.npz,Y,TRAINING TRUTH SUPPORT,0,80,POST-HOC CHECKPOINT EVALUATION,R_truth_active,relative_RMS_error,0.0162778124071646,POST-HOC FINAL CHECKPOINT EVALUATION,True,Y training
t2b-b-m1x,Test 2B,B,M1-X,M1-X,10000,cfc9d3da6a8d07d74ae17e3d9a5beabe434e63b8005e95df4a1925c3a63c609c,a740fa161ad5ff954beb73b4b44fda51b705ce34a40718bd8912716425aeb459,/Users/arjunsharma/Documents/SandiaProjects/4-LDRDAMDIS/DIMSWE-study-d0eb615/external-results/test2b-rain-active-learning/production/representation-B/m1-seed0-m20-10k/checkpoint_000010000_parameters.npz,Y,HELD-OUT TRUTH SUPPORT,81,160,POST-HOC CHECKPOINT EVALUATION,R_truth_active,relative_RMS_error,0.0189928596134368,POST-HOC FINAL CHECKPOINT EVALUATION,False,Y held-out
t2b-b-m1y,Test 2B,B,M1-Y,M1-Y,10000,1adbd173137cbf10928ee4b25865258fc97f74b3c2c4c0a09cfd8629020566ab,3a829ffff2c2ee96946c197e18a7bd7d7495c255212c61bec1b3d24d788a71ee,/Users/arjunsharma/Documents/SandiaProjects/4-LDRDAMDIS/DIMSWE-feature-study-20260828/m1y_test2b_20260828_workspace/external-results/m1y-test2b-20260828/production/representation-B/m1y-seed0-m20-10k/checkpoint_000010000_parameters.npz,Y,HELD-OUT TRUTH SUPPORT,81,160,POST-HOC CHECKPOINT EVALUATION,R_truth_active,relative_RMS_error,0.0261075739620854,POST-HOC FINAL CHECKPOINT EVALUATION,True,Y held-out
t2b-c-m1x,Test 2B,C,M1-X,M1-X,10000,8ad9c8017c9304827d8e9e73392c3a9503f7de05a38b86baf52f4351c35615e4,e13a7bd42f3f773d068a6cc0c1344a3a8db0caef74a269ce7980b0b50f91e3b0,/Users/arjunsharma/Documents/SandiaProjects/4-LDRDAMDIS/DIMSWE-study-d0eb615/external-results/test2b-rain-active-learning/production/representation-C/m1-seed0-m20-10k/checkpoint_000010000_parameters.npz,X,TRAINING TRUTH SUPPORT,0,80,POST-HOC CHECKPOINT EVALUATION,source_vector,normalized_vector_relative_RMS_error,0.0062207330569284,POST-HOC FINAL CHECKPOINT EVALUATION,True,X training
t2b-c-m1y,Test 2B,C,M1-Y,M1-Y,10000,c8da7ea375ced0f692210f97097e069f9d5757b6bead22b7a4a10d9a265d8a65,169eadab27a39916e37a875c27708873595f133cb4ea39e9f23eab14e86d49ee,/Users/arjunsharma/Documents/SandiaProjects/4-LDRDAMDIS/DIMSWE-feature-study-20260828/m1y_test2b_20260828_workspace/external-results/m1y-test2b-20260828/production/representation-C/m1y-seed0-m20-10k/checkpoint_000010000_parameters.npz,X,TRAINING TRUTH SUPPORT,0,80,POST-HOC CHECKPOINT EVALUATION,source_vector,normalized_vector_relative_RMS_error,0.0102866596173777,POST-HOC FINAL CHECKPOINT EVALUATION,False,X training
t2b-c-m1x,Test 2B,C,M1-X,M1-X,10000,8ad9c8017c9304827d8e9e73392c3a9503f7de05a38b86baf52f4351c35615e4,e13a7bd42f3f773d068a6cc0c1344a3a8db0caef74a269ce7980b0b50f91e3b0,/Users/arjunsharma/Documents/SandiaProjects/4-LDRDAMDIS/DIMSWE-study-d0eb615/external-results/test2b-rain-active-learning/production/representation-C/m1-seed0-m20-10k/checkpoint_000010000_parameters.npz,X,HELD-OUT TRUTH SUPPORT,81,160,POST-HOC CHECKPOINT EVALUATION,source_vector,normalized_vector_relative_RMS_error,0.1935594447731838,POST-HOC FINAL CHECKPOINT EVALUATION,True,X held-out
t2b-c-m1y,Test 2B,C,M1-Y,M1-Y,10000,c8da7ea375ced0f692210f97097e069f9d5757b6bead22b7a4a10d9a265d8a65,169eadab27a39916e37a875c27708873595f133cb4ea39e9f23eab14e86d49ee,/Users/arjunsharma/Documents/SandiaProjects/4-LDRDAMDIS/DIMSWE-feature-study-20260828/m1y_test2b_20260828_workspace/external-results/m1y-test2b-20260828/production/representation-C/m1y-seed0-m20-10k/checkpoint_000010000_parameters.npz,X,HELD-OUT TRUTH SUPPORT,81,160,POST-HOC CHECKPOINT EVALUATION,source_vector,normalized_vector_relative_RMS_error,0.2664536183366531,POST-HOC FINAL CHECKPOINT EVALUATION,False,X held-out
t2b-c-m1x,Test 2B,C,M1-X,M1-X,10000,8ad9c8017c9304827d8e9e73392c3a9503f7de05a38b86baf52f4351c35615e4,e13a7bd42f3f773d068a6cc0c1344a3a8db0caef74a269ce7980b0b50f91e3b0,/Users/arjunsharma/Documents/SandiaProjects/4-LDRDAMDIS/DIMSWE-study-d0eb615/external-results/test2b-rain-active-learning/production/representation-C/m1-seed0-m20-10k/checkpoint_000010000_parameters.npz,Y,TRAINING TRUTH SUPPORT,0,80,POST-HOC CHECKPOINT EVALUATION,source_vector,normalized_vector_relative_RMS_error,0.0168780645729126,POST-HOC FINAL CHECKPOINT EVALUATION,False,Y training
t2b-c-m1y,Test 2B,C,M1-Y,M1-Y,10000,c8da7ea375ced0f692210f97097e069f9d5757b6bead22b7a4a10d9a265d8a65,169eadab27a39916e37a875c27708873595f133cb4ea39e9f23eab14e86d49ee,/Users/arjunsharma/Documents/SandiaProjects/4-LDRDAMDIS/DIMSWE-feature-study-20260828/m1y_test2b_20260828_workspace/external-results/m1y-test2b-20260828/production/representation-C/m1y-seed0-m20-10k/checkpoint_000010000_parameters.npz,Y,TRAINING TRUTH SUPPORT,0,80,POST-HOC CHECKPOINT EVALUATION,source_vector,normalized_vector_relative_RMS_error,0.0061691653141964,POST-HOC FINAL CHECKPOINT EVALUATION,True,Y training
t2b-c-m1x,Test 2B,C,M1-X,M1-X,10000,8ad9c8017c9304827d8e9e73392c3a9503f7de05a38b86baf52f4351c35615e4,e13a7bd42f3f773d068a6cc0c1344a3a8db0caef74a269ce7980b0b50f91e3b0,/Users/arjunsharma/Documents/SandiaProjects/4-LDRDAMDIS/DIMSWE-study-d0eb615/external-results/test2b-rain-active-learning/production/representation-C/m1-seed0-m20-10k/checkpoint_000010000_parameters.npz,Y,HELD-OUT TRUTH SUPPORT,81,160,POST-HOC CHECKPOINT EVALUATION,source_vector,normalized_vector_relative_RMS_error,0.1985494105208362,POST-HOC FINAL CHECKPOINT EVALUATION,False,Y held-out
t2b-c-m1y,Test 2B,C,M1-Y,M1-Y,10000,c8da7ea375ced0f692210f97097e069f9d5757b6bead22b7a4a10d9a265d8a65,169eadab27a39916e37a875c27708873595f133cb4ea39e9f23eab14e86d49ee,/Users/arjunsharma/Documents/SandiaProjects/4-LDRDAMDIS/DIMSWE-feature-study-20260828/m1y_test2b_20260828_workspace/external-results/m1y-test2b-20260828/production/representation-C/m1y-seed0-m20-10k/checkpoint_000010000_parameters.npz,Y,HELD-OUT TRUTH SUPPORT,81,160,POST-HOC CHECKPOINT EVALUATION,source_vector,normalized_vector_relative_RMS_error,0.2682311452298295,POST-HOC FINAL CHECKPOINT EVALUATION,True,Y held-out
