run_id,physical_case,representation,model_label,trained_objective,checkpoint_iteration,checkpoint_parameter_pytree_sha256,checkpoint_npz_sha256,checkpoint_path,evaluation_state,support,state_first,state_last,support_use,quantity,metric,value
t2b-a-m1y,Test 2B,A,M1-Y,M1-Y,10000,ed838229022ef2ac38a29bb88c8e98f2c173b89e0573088036ad301f76f4e158,a7f98ffe462a89a00d9d2dedd4efb4531cd0feea6e1d64de0b5359bae5e31db4,/Users/arjunsharma/Documents/SandiaProjects/4-LDRDAMDIS/DIMSWE-feature-study-20260828/m1y_test2b_20260828_workspace/external-results/m1y-test2b-20260828/production/representation-A/m1y-seed0-m20-10k/checkpoint_000010000_parameters.npz,Y,TRAINING TRUTH SUPPORT,0,80,POST-HOC CHECKPOINT EVALUATION,A,relative_RMS_error,0.0049391392153953
t2b-a-m1y,Test 2B,A,M1-Y,M1-Y,10000,ed838229022ef2ac38a29bb88c8e98f2c173b89e0573088036ad301f76f4e158,a7f98ffe462a89a00d9d2dedd4efb4531cd0feea6e1d64de0b5359bae5e31db4,/Users/arjunsharma/Documents/SandiaProjects/4-LDRDAMDIS/DIMSWE-feature-study-20260828/m1y_test2b_20260828_workspace/external-results/m1y-test2b-20260828/production/representation-A/m1y-seed0-m20-10k/checkpoint_000010000_parameters.npz,Y,HELD-OUT TRUTH SUPPORT,81,160,POST-HOC CHECKPOINT EVALUATION,A,relative_RMS_error,2.236155470690119
t2b-a-h1,Test 2B,A,H1,H1,5000,73f39ca1e345256157890f7c918ac41a43684262e4ad11c9465bd35706b16f83,a6a7667217ce26fa3b392cacc5e70f087db97622804db0cdcf123f7e532516c1,/Users/arjunsharma/Documents/SandiaProjects/4-LDRDAMDIS/DIMSWE-study-d0eb615/external-results/test2b-rain-active-learning/production/representation-A/h1-from-m1-m20-5k/checkpoint_000005000_parameters.npz,Y,TRAINING TRUTH SUPPORT,0,80,POST-HOC CHECKPOINT EVALUATION,A,relative_RMS_error,0.0067606650896474
t2b-a-h1,Test 2B,A,H1,H1,5000,73f39ca1e345256157890f7c918ac41a43684262e4ad11c9465bd35706b16f83,a6a7667217ce26fa3b392cacc5e70f087db97622804db0cdcf123f7e532516c1,/Users/arjunsharma/Documents/SandiaProjects/4-LDRDAMDIS/DIMSWE-study-d0eb615/external-results/test2b-rain-active-learning/production/representation-A/h1-from-m1-m20-5k/checkpoint_000005000_parameters.npz,Y,HELD-OUT TRUTH SUPPORT,81,160,POST-HOC CHECKPOINT EVALUATION,A,relative_RMS_error,1.3252147038079751
t2b-a-h2,Test 2B,A,H2,H2,20,3e9b414ee32f1d702a7998d6a3508c3bbf7097a2c735dbafc3550a4ecf74c5df,2158c1e48bb422d13ea077cea9617be77aad1be76a5945ec0a5201a796a04ed3,/Users/arjunsharma/Documents/SandiaProjects/4-LDRDAMDIS/DIMSWE-study-d0eb615/external-results/test2b-rain-active-learning/production/representation-A/h2-from-h1-m20-20/checkpoint_000000020_parameters.npz,Y,TRAINING TRUTH SUPPORT,0,80,POST-HOC CHECKPOINT EVALUATION,A,relative_RMS_error,0.0067597880405621
t2b-a-h2,Test 2B,A,H2,H2,20,3e9b414ee32f1d702a7998d6a3508c3bbf7097a2c735dbafc3550a4ecf74c5df,2158c1e48bb422d13ea077cea9617be77aad1be76a5945ec0a5201a796a04ed3,/Users/arjunsharma/Documents/SandiaProjects/4-LDRDAMDIS/DIMSWE-study-d0eb615/external-results/test2b-rain-active-learning/production/representation-A/h2-from-h1-m20-20/checkpoint_000000020_parameters.npz,Y,HELD-OUT TRUTH SUPPORT,81,160,POST-HOC CHECKPOINT EVALUATION,A,relative_RMS_error,1.3265142716692184
t2b-a-h5,Test 2B,A,H5,H5,20,f2d56a8947f66761371fbef8aa52b3aa545f3e2ca9822fdb27a7e3ef796d20a9,07b3a84734679abf8849b5afb1f30f87568482e221a2a759a143f29a0cfc5ff1,/Users/arjunsharma/Documents/SandiaProjects/4-LDRDAMDIS/DIMSWE-study-d0eb615/external-results/test2b-rain-active-learning/production/representation-A/h5-from-h2-m20-20/checkpoint_000000020_parameters.npz,Y,TRAINING TRUTH SUPPORT,0,80,POST-HOC CHECKPOINT EVALUATION,A,relative_RMS_error,0.0067664092050368
t2b-a-h5,Test 2B,A,H5,H5,20,f2d56a8947f66761371fbef8aa52b3aa545f3e2ca9822fdb27a7e3ef796d20a9,07b3a84734679abf8849b5afb1f30f87568482e221a2a759a143f29a0cfc5ff1,/Users/arjunsharma/Documents/SandiaProjects/4-LDRDAMDIS/DIMSWE-study-d0eb615/external-results/test2b-rain-active-learning/production/representation-A/h5-from-h2-m20-20/checkpoint_000000020_parameters.npz,Y,HELD-OUT TRUTH SUPPORT,81,160,POST-HOC CHECKPOINT EVALUATION,A,relative_RMS_error,1.332141309515428
t2b-b-m1y,Test 2B,B,M1-Y,M1-Y,10000,1adbd173137cbf10928ee4b25865258fc97f74b3c2c4c0a09cfd8629020566ab,3a829ffff2c2ee96946c197e18a7bd7d7495c255212c61bec1b3d24d788a71ee,/Users/arjunsharma/Documents/SandiaProjects/4-LDRDAMDIS/DIMSWE-feature-study-20260828/m1y_test2b_20260828_workspace/external-results/m1y-test2b-20260828/production/representation-B/m1y-seed0-m20-10k/checkpoint_000010000_parameters.npz,Y,TRAINING TRUTH SUPPORT,0,80,POST-HOC CHECKPOINT EVALUATION,A,relative_RMS_error,0.0053411537429543
t2b-b-m1y,Test 2B,B,M1-Y,M1-Y,10000,1adbd173137cbf10928ee4b25865258fc97f74b3c2c4c0a09cfd8629020566ab,3a829ffff2c2ee96946c197e18a7bd7d7495c255212c61bec1b3d24d788a71ee,/Users/arjunsharma/Documents/SandiaProjects/4-LDRDAMDIS/DIMSWE-feature-study-20260828/m1y_test2b_20260828_workspace/external-results/m1y-test2b-20260828/production/representation-B/m1y-seed0-m20-10k/checkpoint_000010000_parameters.npz,Y,TRAINING TRUTH SUPPORT,0,80,POST-HOC CHECKPOINT EVALUATION,R_all,relative_RMS_error,0.0241041639884868
t2b-b-m1y,Test 2B,B,M1-Y,M1-Y,10000,1adbd173137cbf10928ee4b25865258fc97f74b3c2c4c0a09cfd8629020566ab,3a829ffff2c2ee96946c197e18a7bd7d7495c255212c61bec1b3d24d788a71ee,/Users/arjunsharma/Documents/SandiaProjects/4-LDRDAMDIS/DIMSWE-feature-study-20260828/m1y_test2b_20260828_workspace/external-results/m1y-test2b-20260828/production/representation-B/m1y-seed0-m20-10k/checkpoint_000010000_parameters.npz,Y,TRAINING TRUTH SUPPORT,0,80,POST-HOC CHECKPOINT EVALUATION,R_truth_active,relative_RMS_error,0.0162778124071646
t2b-b-m1y,Test 2B,B,M1-Y,M1-Y,10000,1adbd173137cbf10928ee4b25865258fc97f74b3c2c4c0a09cfd8629020566ab,3a829ffff2c2ee96946c197e18a7bd7d7495c255212c61bec1b3d24d788a71ee,/Users/arjunsharma/Documents/SandiaProjects/4-LDRDAMDIS/DIMSWE-feature-study-20260828/m1y_test2b_20260828_workspace/external-results/m1y-test2b-20260828/production/representation-B/m1y-seed0-m20-10k/checkpoint_000010000_parameters.npz,Y,HELD-OUT TRUTH SUPPORT,81,160,POST-HOC CHECKPOINT EVALUATION,A,relative_RMS_error,2.9270513111615144
t2b-b-m1y,Test 2B,B,M1-Y,M1-Y,10000,1adbd173137cbf10928ee4b25865258fc97f74b3c2c4c0a09cfd8629020566ab,3a829ffff2c2ee96946c197e18a7bd7d7495c255212c61bec1b3d24d788a71ee,/Users/arjunsharma/Documents/SandiaProjects/4-LDRDAMDIS/DIMSWE-feature-study-20260828/m1y_test2b_20260828_workspace/external-results/m1y-test2b-20260828/production/representation-B/m1y-seed0-m20-10k/checkpoint_000010000_parameters.npz,Y,HELD-OUT TRUTH SUPPORT,81,160,POST-HOC CHECKPOINT EVALUATION,R_all,relative_RMS_error,0.0327439258437576
t2b-b-m1y,Test 2B,B,M1-Y,M1-Y,10000,1adbd173137cbf10928ee4b25865258fc97f74b3c2c4c0a09cfd8629020566ab,3a829ffff2c2ee96946c197e18a7bd7d7495c255212c61bec1b3d24d788a71ee,/Users/arjunsharma/Documents/SandiaProjects/4-LDRDAMDIS/DIMSWE-feature-study-20260828/m1y_test2b_20260828_workspace/external-results/m1y-test2b-20260828/production/representation-B/m1y-seed0-m20-10k/checkpoint_000010000_parameters.npz,Y,HELD-OUT TRUTH SUPPORT,81,160,POST-HOC CHECKPOINT EVALUATION,R_truth_active,relative_RMS_error,0.0261075739620854
t2b-b-h1,Test 2B,B,H1,H1,5000,9ebda59a2f74f1522e595b854a06f7c1af01ef9c85a734dc0aab1996c7ac5e03,bc622626887cc65acf215c03bf3281eb0fe97447723528415fbc5f8345eccf8e,/Users/arjunsharma/Documents/SandiaProjects/4-LDRDAMDIS/DIMSWE-study-d0eb615/external-results/test2b-rain-active-learning/production/representation-B/h1-from-m1-m20-5k/checkpoint_000005000_parameters.npz,Y,TRAINING TRUTH SUPPORT,0,80,POST-HOC CHECKPOINT EVALUATION,A,relative_RMS_error,0.0059196219792106
t2b-b-h1,Test 2B,B,H1,H1,5000,9ebda59a2f74f1522e595b854a06f7c1af01ef9c85a734dc0aab1996c7ac5e03,bc622626887cc65acf215c03bf3281eb0fe97447723528415fbc5f8345eccf8e,/Users/arjunsharma/Documents/SandiaProjects/4-LDRDAMDIS/DIMSWE-study-d0eb615/external-results/test2b-rain-active-learning/production/representation-B/h1-from-m1-m20-5k/checkpoint_000005000_parameters.npz,Y,TRAINING TRUTH SUPPORT,0,80,POST-HOC CHECKPOINT EVALUATION,R_all,relative_RMS_error,0.562805481717456
t2b-b-h1,Test 2B,B,H1,H1,5000,9ebda59a2f74f1522e595b854a06f7c1af01ef9c85a734dc0aab1996c7ac5e03,bc622626887cc65acf215c03bf3281eb0fe97447723528415fbc5f8345eccf8e,/Users/arjunsharma/Documents/SandiaProjects/4-LDRDAMDIS/DIMSWE-study-d0eb615/external-results/test2b-rain-active-learning/production/representation-B/h1-from-m1-m20-5k/checkpoint_000005000_parameters.npz,Y,TRAINING TRUTH SUPPORT,0,80,POST-HOC CHECKPOINT EVALUATION,R_truth_active,relative_RMS_error,0.5423719303797272
t2b-b-h1,Test 2B,B,H1,H1,5000,9ebda59a2f74f1522e595b854a06f7c1af01ef9c85a734dc0aab1996c7ac5e03,bc622626887cc65acf215c03bf3281eb0fe97447723528415fbc5f8345eccf8e,/Users/arjunsharma/Documents/SandiaProjects/4-LDRDAMDIS/DIMSWE-study-d0eb615/external-results/test2b-rain-active-learning/production/representation-B/h1-from-m1-m20-5k/checkpoint_000005000_parameters.npz,Y,HELD-OUT TRUTH SUPPORT,81,160,POST-HOC CHECKPOINT EVALUATION,A,relative_RMS_error,0.7855769842666946
t2b-b-h1,Test 2B,B,H1,H1,5000,9ebda59a2f74f1522e595b854a06f7c1af01ef9c85a734dc0aab1996c7ac5e03,bc622626887cc65acf215c03bf3281eb0fe97447723528415fbc5f8345eccf8e,/Users/arjunsharma/Documents/SandiaProjects/4-LDRDAMDIS/DIMSWE-study-d0eb615/external-results/test2b-rain-active-learning/production/representation-B/h1-from-m1-m20-5k/checkpoint_000005000_parameters.npz,Y,HELD-OUT TRUTH SUPPORT,81,160,POST-HOC CHECKPOINT EVALUATION,R_all,relative_RMS_error,0.5576400685342907
t2b-b-h1,Test 2B,B,H1,H1,5000,9ebda59a2f74f1522e595b854a06f7c1af01ef9c85a734dc0aab1996c7ac5e03,bc622626887cc65acf215c03bf3281eb0fe97447723528415fbc5f8345eccf8e,/Users/arjunsharma/Documents/SandiaProjects/4-LDRDAMDIS/DIMSWE-study-d0eb615/external-results/test2b-rain-active-learning/production/representation-B/h1-from-m1-m20-5k/checkpoint_000005000_parameters.npz,Y,HELD-OUT TRUTH SUPPORT,81,160,POST-HOC CHECKPOINT EVALUATION,R_truth_active,relative_RMS_error,0.5565589123991848
t2b-b-h2,Test 2B,B,H2,H2,20,866baac093ffcd94826daa14c13115ea057ce0e07a2b770ba642ccb1f79c44a5,b3257a8821b80b90359bce7ca22759e0a48f1785f01b468c60a90c8bf9f41bcc,/Users/arjunsharma/Documents/SandiaProjects/4-LDRDAMDIS/DIMSWE-study-d0eb615/external-results/test2b-rain-active-learning/production/representation-B/h2-from-h1-m20-20/checkpoint_000000020_parameters.npz,Y,TRAINING TRUTH SUPPORT,0,80,POST-HOC CHECKPOINT EVALUATION,A,relative_RMS_error,0.0059171615420012
t2b-b-h2,Test 2B,B,H2,H2,20,866baac093ffcd94826daa14c13115ea057ce0e07a2b770ba642ccb1f79c44a5,b3257a8821b80b90359bce7ca22759e0a48f1785f01b468c60a90c8bf9f41bcc,/Users/arjunsharma/Documents/SandiaProjects/4-LDRDAMDIS/DIMSWE-study-d0eb615/external-results/test2b-rain-active-learning/production/representation-B/h2-from-h1-m20-20/checkpoint_000000020_parameters.npz,Y,TRAINING TRUTH SUPPORT,0,80,POST-HOC CHECKPOINT EVALUATION,R_all,relative_RMS_error,0.5628105452495908
t2b-b-h2,Test 2B,B,H2,H2,20,866baac093ffcd94826daa14c13115ea057ce0e07a2b770ba642ccb1f79c44a5,b3257a8821b80b90359bce7ca22759e0a48f1785f01b468c60a90c8bf9f41bcc,/Users/arjunsharma/Documents/SandiaProjects/4-LDRDAMDIS/DIMSWE-study-d0eb615/external-results/test2b-rain-active-learning/production/representation-B/h2-from-h1-m20-20/checkpoint_000000020_parameters.npz,Y,TRAINING TRUTH SUPPORT,0,80,POST-HOC CHECKPOINT EVALUATION,R_truth_active,relative_RMS_error,0.5423729920925737
t2b-b-h2,Test 2B,B,H2,H2,20,866baac093ffcd94826daa14c13115ea057ce0e07a2b770ba642ccb1f79c44a5,b3257a8821b80b90359bce7ca22759e0a48f1785f01b468c60a90c8bf9f41bcc,/Users/arjunsharma/Documents/SandiaProjects/4-LDRDAMDIS/DIMSWE-study-d0eb615/external-results/test2b-rain-active-learning/production/representation-B/h2-from-h1-m20-20/checkpoint_000000020_parameters.npz,Y,HELD-OUT TRUTH SUPPORT,81,160,POST-HOC CHECKPOINT EVALUATION,A,relative_RMS_error,0.7803471627891748
t2b-b-h2,Test 2B,B,H2,H2,20,866baac093ffcd94826daa14c13115ea057ce0e07a2b770ba642ccb1f79c44a5,b3257a8821b80b90359bce7ca22759e0a48f1785f01b468c60a90c8bf9f41bcc,/Users/arjunsharma/Documents/SandiaProjects/4-LDRDAMDIS/DIMSWE-study-d0eb615/external-results/test2b-rain-active-learning/production/representation-B/h2-from-h1-m20-20/checkpoint_000000020_parameters.npz,Y,HELD-OUT TRUTH SUPPORT,81,160,POST-HOC CHECKPOINT EVALUATION,R_all,relative_RMS_error,0.5576452335606348
t2b-b-h2,Test 2B,B,H2,H2,20,866baac093ffcd94826daa14c13115ea057ce0e07a2b770ba642ccb1f79c44a5,b3257a8821b80b90359bce7ca22759e0a48f1785f01b468c60a90c8bf9f41bcc,/Users/arjunsharma/Documents/SandiaProjects/4-LDRDAMDIS/DIMSWE-study-d0eb615/external-results/test2b-rain-active-learning/production/representation-B/h2-from-h1-m20-20/checkpoint_000000020_parameters.npz,Y,HELD-OUT TRUTH SUPPORT,81,160,POST-HOC CHECKPOINT EVALUATION,R_truth_active,relative_RMS_error,0.5565642401852159
t2b-b-h5,Test 2B,B,H5,H5,20,4caffb3b14e290581d2cb4394458746e5f47d43689dc3497c942e23582ae0129,575d26dacc4eddd4ef84c564725a8b8beb521dc279fb797eaece34e4de842f74,/Users/arjunsharma/Documents/SandiaProjects/4-LDRDAMDIS/DIMSWE-study-d0eb615/external-results/test2b-rain-active-learning/production/representation-B/h5-from-h2-m20-20/checkpoint_000000020_parameters.npz,Y,TRAINING TRUTH SUPPORT,0,80,POST-HOC CHECKPOINT EVALUATION,A,relative_RMS_error,0.0059267069060061
t2b-b-h5,Test 2B,B,H5,H5,20,4caffb3b14e290581d2cb4394458746e5f47d43689dc3497c942e23582ae0129,575d26dacc4eddd4ef84c564725a8b8beb521dc279fb797eaece34e4de842f74,/Users/arjunsharma/Documents/SandiaProjects/4-LDRDAMDIS/DIMSWE-study-d0eb615/external-results/test2b-rain-active-learning/production/representation-B/h5-from-h2-m20-20/checkpoint_000000020_parameters.npz,Y,TRAINING TRUTH SUPPORT,0,80,POST-HOC CHECKPOINT EVALUATION,R_all,relative_RMS_error,0.5627837403268545
t2b-b-h5,Test 2B,B,H5,H5,20,4caffb3b14e290581d2cb4394458746e5f47d43689dc3497c942e23582ae0129,575d26dacc4eddd4ef84c564725a8b8beb521dc279fb797eaece34e4de842f74,/Users/arjunsharma/Documents/SandiaProjects/4-LDRDAMDIS/DIMSWE-study-d0eb615/external-results/test2b-rain-active-learning/production/representation-B/h5-from-h2-m20-20/checkpoint_000000020_parameters.npz,Y,TRAINING TRUTH SUPPORT,0,80,POST-HOC CHECKPOINT EVALUATION,R_truth_active,relative_RMS_error,0.5423337690483323
t2b-b-h5,Test 2B,B,H5,H5,20,4caffb3b14e290581d2cb4394458746e5f47d43689dc3497c942e23582ae0129,575d26dacc4eddd4ef84c564725a8b8beb521dc279fb797eaece34e4de842f74,/Users/arjunsharma/Documents/SandiaProjects/4-LDRDAMDIS/DIMSWE-study-d0eb615/external-results/test2b-rain-active-learning/production/representation-B/h5-from-h2-m20-20/checkpoint_000000020_parameters.npz,Y,HELD-OUT TRUTH SUPPORT,81,160,POST-HOC CHECKPOINT EVALUATION,A,relative_RMS_error,0.7712145436479982
t2b-b-h5,Test 2B,B,H5,H5,20,4caffb3b14e290581d2cb4394458746e5f47d43689dc3497c942e23582ae0129,575d26dacc4eddd4ef84c564725a8b8beb521dc279fb797eaece34e4de842f74,/Users/arjunsharma/Documents/SandiaProjects/4-LDRDAMDIS/DIMSWE-study-d0eb615/external-results/test2b-rain-active-learning/production/representation-B/h5-from-h2-m20-20/checkpoint_000000020_parameters.npz,Y,HELD-OUT TRUTH SUPPORT,81,160,POST-HOC CHECKPOINT EVALUATION,R_all,relative_RMS_error,0.5576173159360609
t2b-b-h5,Test 2B,B,H5,H5,20,4caffb3b14e290581d2cb4394458746e5f47d43689dc3497c942e23582ae0129,575d26dacc4eddd4ef84c564725a8b8beb521dc279fb797eaece34e4de842f74,/Users/arjunsharma/Documents/SandiaProjects/4-LDRDAMDIS/DIMSWE-study-d0eb615/external-results/test2b-rain-active-learning/production/representation-B/h5-from-h2-m20-20/checkpoint_000000020_parameters.npz,Y,HELD-OUT TRUTH SUPPORT,81,160,POST-HOC CHECKPOINT EVALUATION,R_truth_active,relative_RMS_error,0.55653737146695
t2b-c-m1y,Test 2B,C,M1-Y,M1-Y,10000,c8da7ea375ced0f692210f97097e069f9d5757b6bead22b7a4a10d9a265d8a65,169eadab27a39916e37a875c27708873595f133cb4ea39e9f23eab14e86d49ee,/Users/arjunsharma/Documents/SandiaProjects/4-LDRDAMDIS/DIMSWE-feature-study-20260828/m1y_test2b_20260828_workspace/external-results/m1y-test2b-20260828/production/representation-C/m1y-seed0-m20-10k/checkpoint_000010000_parameters.npz,Y,TRAINING TRUTH SUPPORT,0,80,POST-HOC CHECKPOINT EVALUATION,source_vector,normalized_vector_relative_RMS_error,0.0061691653141964
t2b-c-m1y,Test 2B,C,M1-Y,M1-Y,10000,c8da7ea375ced0f692210f97097e069f9d5757b6bead22b7a4a10d9a265d8a65,169eadab27a39916e37a875c27708873595f133cb4ea39e9f23eab14e86d49ee,/Users/arjunsharma/Documents/SandiaProjects/4-LDRDAMDIS/DIMSWE-feature-study-20260828/m1y_test2b_20260828_workspace/external-results/m1y-test2b-20260828/production/representation-C/m1y-seed0-m20-10k/checkpoint_000010000_parameters.npz,Y,HELD-OUT TRUTH SUPPORT,81,160,POST-HOC CHECKPOINT EVALUATION,source_vector,normalized_vector_relative_RMS_error,0.2682311452298295
t2b-c-h1,Test 2B,C,H1,H1,5000,c44aa9e8811aacb423570a3bcb2f819462d882931b929a7bee442bb8b9a1d1c3,be3fac690063191ee78df7a8515b580d17842a34083835c73232ab1bb3995c6b,/Users/arjunsharma/Documents/SandiaProjects/4-LDRDAMDIS/DIMSWE-study-d0eb615/external-results/test2b-rain-active-learning/production/representation-C/h1-from-m1-m20-5k/checkpoint_000005000_parameters.npz,Y,TRAINING TRUTH SUPPORT,0,80,POST-HOC CHECKPOINT EVALUATION,source_vector,normalized_vector_relative_RMS_error,0.0867042704310515
t2b-c-h1,Test 2B,C,H1,H1,5000,c44aa9e8811aacb423570a3bcb2f819462d882931b929a7bee442bb8b9a1d1c3,be3fac690063191ee78df7a8515b580d17842a34083835c73232ab1bb3995c6b,/Users/arjunsharma/Documents/SandiaProjects/4-LDRDAMDIS/DIMSWE-study-d0eb615/external-results/test2b-rain-active-learning/production/representation-C/h1-from-m1-m20-5k/checkpoint_000005000_parameters.npz,Y,HELD-OUT TRUTH SUPPORT,81,160,POST-HOC CHECKPOINT EVALUATION,source_vector,normalized_vector_relative_RMS_error,0.8926983979150293
t2b-c-h2,Test 2B,C,H2,H2,20,3ae5e9d6729977310e7e9d740490c223539aa514cf0e24e379adab25d7ca6d70,cce0fff0c49ad9577a5cfe6b1e8176eb45af8e1d1dbac6e98029d75e3dce1657,/Users/arjunsharma/Documents/SandiaProjects/4-LDRDAMDIS/DIMSWE-study-d0eb615/external-results/test2b-rain-active-learning/production/representation-C/h2-from-h1-m20-20/checkpoint_000000020_parameters.npz,Y,TRAINING TRUTH SUPPORT,0,80,POST-HOC CHECKPOINT EVALUATION,source_vector,normalized_vector_relative_RMS_error,0.0874371499748737
t2b-c-h2,Test 2B,C,H2,H2,20,3ae5e9d6729977310e7e9d740490c223539aa514cf0e24e379adab25d7ca6d70,cce0fff0c49ad9577a5cfe6b1e8176eb45af8e1d1dbac6e98029d75e3dce1657,/Users/arjunsharma/Documents/SandiaProjects/4-LDRDAMDIS/DIMSWE-study-d0eb615/external-results/test2b-rain-active-learning/production/representation-C/h2-from-h1-m20-20/checkpoint_000000020_parameters.npz,Y,HELD-OUT TRUTH SUPPORT,81,160,POST-HOC CHECKPOINT EVALUATION,source_vector,normalized_vector_relative_RMS_error,0.8932887789563148
t2b-c-h5,Test 2B,C,H5,H5,20,a9a95ed952ba410ce744c6fe1473c0c842193560d14b432ce4f8543c6ff40f70,ecb28ef27fbb4663970da2e4f72f9adbcf0c67ab966e80e65bb21f17ada63985,/Users/arjunsharma/Documents/SandiaProjects/4-LDRDAMDIS/DIMSWE-study-d0eb615/external-results/test2b-rain-active-learning/production/representation-C/h5-from-h2-m20-20/checkpoint_000000020_parameters.npz,Y,TRAINING TRUTH SUPPORT,0,80,POST-HOC CHECKPOINT EVALUATION,source_vector,normalized_vector_relative_RMS_error,0.0936319707661743
t2b-c-h5,Test 2B,C,H5,H5,20,a9a95ed952ba410ce744c6fe1473c0c842193560d14b432ce4f8543c6ff40f70,ecb28ef27fbb4663970da2e4f72f9adbcf0c67ab966e80e65bb21f17ada63985,/Users/arjunsharma/Documents/SandiaProjects/4-LDRDAMDIS/DIMSWE-study-d0eb615/external-results/test2b-rain-active-learning/production/representation-C/h5-from-h2-m20-20/checkpoint_000000020_parameters.npz,Y,HELD-OUT TRUTH SUPPORT,81,160,POST-HOC CHECKPOINT EVALUATION,source_vector,normalized_vector_relative_RMS_error,0.9105243739511134
