physical_case,representation,trained_model,evaluation_state,regime,quantity,state_indices,sample_count,physical_RMS_error,normalized_RMS_error,relative_RMS_error,maximum_absolute_error,signed_mass_weighted_bias,correlation,source
Test 2B,A,M1-X,X,HELDOUT_MATURE_RAIN,A,"[81,160]",5242880,2.9071415076049104e-09,0.03211509544887551,2.233067604462163,1.005310753445178e-07,2.4471343030258626e-11,0.27584602448311135,/Users/arjunsharma/Documents/SandiaProjects/4-LDRDAMDIS/DIMSWE-feature-study-20260828/m1y_test2b_20260828_workspace/external-results/m1y-test2b-20260828/evaluation/representation_A_matched.json
Test 2B,A,M1-X,X,ONSET,A,"[51,60]",655360,5.971923310250333e-10,0.006597163798884424,0.5829643849012753,4.519817955107074e-08,1.3815120697952452e-11,0.8127916114711403,/Users/arjunsharma/Documents/SandiaProjects/4-LDRDAMDIS/DIMSWE-feature-study-20260828/m1y_test2b_20260828_workspace/external-results/m1y-test2b-20260828/evaluation/representation_A_matched.json
Test 2B,A,M1-X,X,PRE_RAIN,A,"[0,50]",3342336,3.9819066953990874e-10,0.004398799069695555,0.0034904997831289343,4.314605317184055e-08,-1.0401671746315135e-11,0.9999937927293404,/Users/arjunsharma/Documents/SandiaProjects/4-LDRDAMDIS/DIMSWE-feature-study-20260828/m1y_test2b_20260828_workspace/external-results/m1y-test2b-20260828/evaluation/representation_A_matched.json
Test 2B,A,M1-X,X,TRAINING_OVERALL,A,,5308416,4.949635437515388e-10,0.005467845789312924,0.005467845789312924,4.519817955107074e-08,-8.629942486617224e-13,0.9999848676682667,/Users/arjunsharma/Documents/SandiaProjects/4-LDRDAMDIS/DIMSWE-feature-study-20260828/m1y_test2b_20260828_workspace/external-results/m1y-test2b-20260828/evaluation/representation_A_matched.json
Test 2B,A,M1-X,X,TRAINING_SUSTAINED_RAIN,A,"[61,80]",1310720,6.399753356184042e-10,0.007069786226279696,0.5986070217955286,4.189455479803328e-08,1.612157589704738e-11,0.8013379894807992,/Users/arjunsharma/Documents/SandiaProjects/4-LDRDAMDIS/DIMSWE-feature-study-20260828/m1y_test2b_20260828_workspace/external-results/m1y-test2b-20260828/evaluation/representation_A_matched.json
Test 2B,A,M1-Y,X,HELDOUT_MATURE_RAIN,A,"[81,160]",5242880,6.400112920569194e-09,0.070701834358589,4.916129741340785,8.931781307477681e-08,6.34469439348974e-10,0.14258744007926044,/Users/arjunsharma/Documents/SandiaProjects/4-LDRDAMDIS/DIMSWE-feature-study-20260828/m1y_test2b_20260828_workspace/external-results/m1y-test2b-20260828/evaluation/representation_A_matched.json
Test 2B,A,M1-Y,X,ONSET,A,"[51,60]",655360,7.341735883176779e-10,0.008110391187765322,0.7166821007057378,2.1369534184678837e-08,7.42332113890783e-12,0.7539299281303591,/Users/arjunsharma/Documents/SandiaProjects/4-LDRDAMDIS/DIMSWE-feature-study-20260828/m1y_test2b_20260828_workspace/external-results/m1y-test2b-20260828/evaluation/representation_A_matched.json
Test 2B,A,M1-Y,X,PRE_RAIN,A,"[0,50]",3342336,1.0072974023046805e-09,0.011127580867940178,0.008829868787114906,2.1743054924227598e-08,9.132914324182131e-11,0.9999605904337105,/Users/arjunsharma/Documents/SandiaProjects/4-LDRDAMDIS/DIMSWE-feature-study-20260828/m1y_test2b_20260828_workspace/external-results/m1y-test2b-20260828/evaluation/representation_A_matched.json
Test 2B,A,M1-Y,X,TRAINING_OVERALL,A,,5308416,9.004763774728465e-10,0.009947532562948181,0.009947532562948181,2.3487226404828164e-08,4.530390690780665e-11,0.9999500480893347,/Users/arjunsharma/Documents/SandiaProjects/4-LDRDAMDIS/DIMSWE-feature-study-20260828/m1y_test2b_20260828_workspace/external-results/m1y-test2b-20260828/evaluation/representation_A_matched.json
Test 2B,A,M1-Y,X,TRAINING_SUSTAINED_RAIN,A,"[61,80]",1310720,6.53540922525363e-10,0.007219644813210308,0.6112957226334076,2.3487226404828164e-08,-5.3120152859481334e-11,0.8064512689129637,/Users/arjunsharma/Documents/SandiaProjects/4-LDRDAMDIS/DIMSWE-feature-study-20260828/m1y_test2b_20260828_workspace/external-results/m1y-test2b-20260828/evaluation/representation_A_matched.json
Test 2B,A,M1-X,Y,HELDOUT_MATURE_RAIN,A,"[81,160]",5242880,2.8522027043936366e-09,0.03150818831884363,1.015101645328561,9.80875118435448e-08,1.2851158218391115e-10,0.64624510133596,/Users/arjunsharma/Documents/SandiaProjects/4-LDRDAMDIS/DIMSWE-feature-study-20260828/m1y_test2b_20260828_workspace/external-results/m1y-test2b-20260828/evaluation/representation_A_matched.json
Test 2B,A,M1-X,Y,ONSET,A,"[51,60]",655360,1.225963571471258e-09,0.013543178758807955,0.5062592937540443,4.487935893891349e-08,-1.1908844669602533e-10,0.875206405858317,/Users/arjunsharma/Documents/SandiaProjects/4-LDRDAMDIS/DIMSWE-feature-study-20260828/m1y_test2b_20260828_workspace/external-results/m1y-test2b-20260828/evaluation/representation_A_matched.json
Test 2B,A,M1-X,Y,PRE_RAIN,A,"[0,50]",3342336,1.5267727744332354e-09,0.016866208009277097,0.01338098843843578,4.3460147923705077e-08,-1.791168619140258e-10,0.9999099890608194,/Users/arjunsharma/Documents/SandiaProjects/4-LDRDAMDIS/DIMSWE-feature-study-20260828/m1y_test2b_20260828_workspace/external-results/m1y-test2b-20260828/evaluation/representation_A_matched.json
Test 2B,A,M1-X,Y,TRAINING_OVERALL,A,,5308416,1.376395737152474e-09,0.015204997884844758,0.01520044616943914,4.487935893891349e-08,-1.3804459726143822e-10,0.999884226747172,/Users/arjunsharma/Documents/SandiaProjects/4-LDRDAMDIS/DIMSWE-feature-study-20260828/m1y_test2b_20260828_workspace/external-results/m1y-test2b-20260828/evaluation/representation_A_matched.json
Test 2B,A,M1-X,Y,TRAINING_SUSTAINED_RAIN,A,"[61,80]",1310720,9.88408471163302e-10,0.010918915474478689,0.40467097137612607,4.148121311504353e-08,-4.278839768004626e-11,0.9210950965537437,/Users/arjunsharma/Documents/SandiaProjects/4-LDRDAMDIS/DIMSWE-feature-study-20260828/m1y_test2b_20260828_workspace/external-results/m1y-test2b-20260828/evaluation/representation_A_matched.json
Test 2B,A,M1-Y,Y,HELDOUT_MATURE_RAIN,A,"[81,160]",5242880,6.28308377815958e-09,0.0694090173185677,2.2361554706901186,8.878932298617488e-08,7.132808695999517e-10,0.4368417243549963,/Users/arjunsharma/Documents/SandiaProjects/4-LDRDAMDIS/DIMSWE-feature-study-20260828/m1y_test2b_20260828_workspace/external-results/m1y-test2b-20260828/evaluation/representation_A_matched.json
Test 2B,A,M1-Y,Y,ONSET,A,"[51,60]",655360,4.868754994930249e-10,0.005378497433659298,0.20105429904714348,1.9080156278323647e-08,-1.8240289973907594e-12,0.9795697829470007,/Users/arjunsharma/Documents/SandiaProjects/4-LDRDAMDIS/DIMSWE-feature-study-20260828/m1y_test2b_20260828_workspace/external-results/m1y-test2b-20260828/evaluation/representation_A_matched.json
Test 2B,A,M1-Y,Y,PRE_RAIN,A,"[0,50]",3342336,3.7612380334256273e-10,0.004155027133471788,0.0032964356898593688,1.8900751536421004e-08,-1.7164014422421399e-12,0.999994459464087,/Users/arjunsharma/Documents/SandiaProjects/4-LDRDAMDIS/DIMSWE-feature-study-20260828/m1y_test2b_20260828_workspace/external-results/m1y-test2b-20260828/evaluation/representation_A_matched.json
Test 2B,A,M1-Y,Y,TRAINING_OVERALL,A,,5308416,4.472375406282924e-10,0.004940618221722262,0.004939139215395302,2.3261996594433437e-08,6.600577325013983e-13,0.9999876500431836,/Users/arjunsharma/Documents/SandiaProjects/4-LDRDAMDIS/DIMSWE-feature-study-20260828/m1y_test2b_20260828_workspace/external-results/m1y-test2b-20260828/evaluation/representation_A_matched.json
Test 2B,A,M1-Y,Y,TRAINING_SUSTAINED_RAIN,A,"[61,80]",1310720,5.751666032540606e-10,0.006353846317487207,0.23548283410399143,2.3261996594433437e-08,7.962071993043505e-12,0.971810192489774,/Users/arjunsharma/Documents/SandiaProjects/4-LDRDAMDIS/DIMSWE-feature-study-20260828/m1y_test2b_20260828_workspace/external-results/m1y-test2b-20260828/evaluation/representation_A_matched.json
Test 2B,B,M1-X,X,HELDOUT_MATURE_RAIN,A,"[81,160]",5242880,3.770125143955731e-09,0.041648446948870946,2.8959527087733195,6.677404866658535e-08,-6.715372442780621e-10,0.19952271091226811,/Users/arjunsharma/Documents/SandiaProjects/4-LDRDAMDIS/DIMSWE-feature-study-20260828/m1y_test2b_20260828_workspace/external-results/m1y-test2b-20260828/evaluation/representation_B_matched.json
Test 2B,B,M1-X,X,ONSET,A,"[51,60]",655360,6.441879859879153e-10,0.007116323234662564,0.6288403810672966,4.679511827385436e-08,1.0406467629726714e-11,0.7803407962414036,/Users/arjunsharma/Documents/SandiaProjects/4-LDRDAMDIS/DIMSWE-feature-study-20260828/m1y_test2b_20260828_workspace/external-results/m1y-test2b-20260828/evaluation/representation_B_matched.json
Test 2B,B,M1-X,X,PRE_RAIN,A,"[0,50]",3342336,4.898125629159959e-10,0.005410943075511052,0.004293648182684964,4.392785250988052e-08,-8.22228382970101e-12,0.9999906043030976,/Users/arjunsharma/Documents/SandiaProjects/4-LDRDAMDIS/DIMSWE-feature-study-20260828/m1y_test2b_20260828_workspace/external-results/m1y-test2b-20260828/evaluation/representation_B_matched.json
Test 2B,B,M1-X,X,TRAINING_OVERALL,A,"[0,80]",5308416,5.694759756589445e-10,0.006290982143898449,0.006290982143898547,4.679511827385436e-08,1.0460035001565883e-13,0.9999799687857404,/Users/arjunsharma/Documents/SandiaProjects/4-LDRDAMDIS/DIMSWE-feature-study-20260828/m1y_test2b_20260828_workspace/external-results/m1y-test2b-20260828/evaluation/representation_B_matched.json
Test 2B,B,M1-X,X,TRAINING_SUSTAINED_RAIN,A,"[61,80]",1310720,7.0295869494055e-10,0.007765561299846026,0.6575191064465044,4.3142214709450086e-08,1.6187221368437634e-11,0.7537211970355839,/Users/arjunsharma/Documents/SandiaProjects/4-LDRDAMDIS/DIMSWE-feature-study-20260828/m1y_test2b_20260828_workspace/external-results/m1y-test2b-20260828/evaluation/representation_B_matched.json
Test 2B,B,M1-X,X,HELDOUT_MATURE_RAIN,R_all,,5242880,1.2540790169437176e-13,0.006300995471773063,0.02070555683218623,3.5015434089501136e-12,-5.800206743794038e-15,0.9998218076926089,/Users/arjunsharma/Documents/SandiaProjects/4-LDRDAMDIS/DIMSWE-feature-study-20260828/m1y_test2b_20260828_workspace/external-results/m1y-test2b-20260828/evaluation/representation_B_matched.json
Test 2B,B,M1-X,X,HELDOUT_MATURE_RAIN,R_truth_active,,385820,4.2551989266875244e-13,0.021379824402049614,0.01894717638962295,3.5015434089501136e-12,-8.143783884317324e-14,0.9996498305769085,/Users/arjunsharma/Documents/SandiaProjects/4-LDRDAMDIS/DIMSWE-feature-study-20260828/m1y_test2b_20260828_workspace/external-results/m1y-test2b-20260828/evaluation/representation_B_matched.json
Test 2B,B,M1-X,X,ONSET,R_all,,655360,2.366149736404192e-14,0.0011888484356395983,0.04679579086205832,6.697442401409392e-13,2.693328379936578e-15,0.9989154791980097,/Users/arjunsharma/Documents/SandiaProjects/4-LDRDAMDIS/DIMSWE-feature-study-20260828/m1y_test2b_20260828_workspace/external-results/m1y-test2b-20260828/evaluation/representation_B_matched.json
Test 2B,B,M1-X,X,ONSET,R_truth_active,,3668,2.0574229480278842e-13,0.01033731726940097,0.02865528345209448,6.697442401409392e-13,5.6169858700294195e-15,0.9988221068042239,/Users/arjunsharma/Documents/SandiaProjects/4-LDRDAMDIS/DIMSWE-feature-study-20260828/m1y_test2b_20260828_workspace/external-results/m1y-test2b-20260828/evaluation/representation_B_matched.json
Test 2B,B,M1-X,X,PRE_RAIN,R_all,,3342336,1.4548202107029556e-14,0.0007309599663204203,6.538300763099128e+293,4.204111578556852e-13,-1.3506673598387334e-15,,/Users/arjunsharma/Documents/SandiaProjects/4-LDRDAMDIS/DIMSWE-feature-study-20260828/m1y_test2b_20260828_workspace/external-results/m1y-test2b-20260828/evaluation/representation_B_matched.json
Test 2B,B,M1-X,X,TRAINING_OVERALL,R_all,,5308416,2.4007612601592973e-14,0.0012062386520059942,0.013966971429399344,2.1465487887111092e-12,9.896740933551632e-17,0.999902046673718,/Users/arjunsharma/Documents/SandiaProjects/4-LDRDAMDIS/DIMSWE-feature-study-20260828/m1y_test2b_20260828_workspace/external-results/m1y-test2b-20260828/evaluation/representation_B_matched.json
Test 2B,B,M1-X,X,TRAINING_OVERALL,R_truth_active,,40800,1.9095154193096558e-13,0.009594170580792809,0.009594170580792809,2.1465487887111092e-12,-3.7719764362001904e-15,0.9998395062926527,/Users/arjunsharma/Documents/SandiaProjects/4-LDRDAMDIS/DIMSWE-feature-study-20260828/m1y_test2b_20260828_workspace/external-results/m1y-test2b-20260828/evaluation/representation_B_matched.json
Test 2B,B,M1-X,X,TRAINING_SUSTAINED_RAIN,R_all,,1310720,3.89183623127309e-14,0.0019554144626306776,0.011311301408260227,2.1465487887111092e-12,2.49835558542932e-15,0.9999349975579773,/Users/arjunsharma/Documents/SandiaProjects/4-LDRDAMDIS/DIMSWE-feature-study-20260828/m1y_test2b_20260828_workspace/external-results/m1y-test2b-20260828/evaluation/representation_B_matched.json
Test 2B,B,M1-X,X,TRAINING_SUSTAINED_RAIN,R_truth_active,,37132,1.8957258985623155e-13,0.009524886503304084,0.009174709134981782,2.1465487887111092e-12,-4.611635997980451e-15,0.9998375564867727,/Users/arjunsharma/Documents/SandiaProjects/4-LDRDAMDIS/DIMSWE-feature-study-20260828/m1y_test2b_20260828_workspace/external-results/m1y-test2b-20260828/evaluation/representation_B_matched.json
Test 2B,B,M1-Y,X,HELDOUT_MATURE_RAIN,A,"[81,160]",5242880,8.25555220991754e-09,0.09119881041604551,6.341351512710155,2.212890291664687e-07,-1.2848098895555399e-09,0.10336475005392007,/Users/arjunsharma/Documents/SandiaProjects/4-LDRDAMDIS/DIMSWE-feature-study-20260828/m1y_test2b_20260828_workspace/external-results/m1y-test2b-20260828/evaluation/representation_B_matched.json
Test 2B,B,M1-Y,X,ONSET,A,"[51,60]",655360,7.886892802708335e-10,0.008712624221815147,0.7698989710101591,1.8074388955629743e-08,6.154858732213863e-11,0.7357703306539399,/Users/arjunsharma/Documents/SandiaProjects/4-LDRDAMDIS/DIMSWE-feature-study-20260828/m1y_test2b_20260828_workspace/external-results/m1y-test2b-20260828/evaluation/representation_B_matched.json
Test 2B,B,M1-Y,X,PRE_RAIN,A,"[0,50]",3342336,1.076696917284906e-09,0.011894234999452273,0.009438218029119209,2.0590253865369383e-08,1.1434798163417831e-10,0.999955125832325,/Users/arjunsharma/Documents/SandiaProjects/4-LDRDAMDIS/DIMSWE-feature-study-20260828/m1y_test2b_20260828_workspace/external-results/m1y-test2b-20260828/evaluation/representation_B_matched.json
Test 2B,B,M1-Y,X,TRAINING_OVERALL,A,"[0,80]",5308416,9.609155549097767e-10,0.010615202143930384,0.01061520214393055,2.096564268360423e-08,7.338243469032882e-11,0.9999433188600205,/Users/arjunsharma/Documents/SandiaProjects/4-LDRDAMDIS/DIMSWE-feature-study-20260828/m1y_test2b_20260828_workspace/external-results/m1y-test2b-20260828/evaluation/representation_B_matched.json
Test 2B,B,M1-Y,X,TRAINING_SUSTAINED_RAIN,A,"[61,80]",1310720,6.873375572707939e-10,0.007592995112072953,0.6429077266368207,2.096564268360423e-08,-2.5162786332392263e-11,0.792158628243154,/Users/arjunsharma/Documents/SandiaProjects/4-LDRDAMDIS/DIMSWE-feature-study-20260828/m1y_test2b_20260828_workspace/external-results/m1y-test2b-20260828/evaluation/representation_B_matched.json
Test 2B,B,M1-Y,X,HELDOUT_MATURE_RAIN,R_all,,5242880,1.9840598455130866e-13,0.009968711646872075,0.03275795490929065,2.5994972308329796e-12,3.2497297158633416e-14,0.9995065144137255,/Users/arjunsharma/Documents/SandiaProjects/4-LDRDAMDIS/DIMSWE-feature-study-20260828/m1y_test2b_20260828_workspace/external-results/m1y-test2b-20260828/evaluation/representation_B_matched.json
Test 2B,B,M1-Y,X,HELDOUT_MATURE_RAIN,R_truth_active,,385820,5.852291718940535e-13,0.029404258521450285,0.026058571031040936,2.5994972308329796e-12,3.692944326397252e-13,0.999299233977422,/Users/arjunsharma/Documents/SandiaProjects/4-LDRDAMDIS/DIMSWE-feature-study-20260828/m1y_test2b_20260828_workspace/external-results/m1y-test2b-20260828/evaluation/representation_B_matched.json
Test 2B,B,M1-Y,X,ONSET,R_all,,655360,5.382988316858384e-14,0.0027046290186557046,0.10646037806188012,1.3889195792165082e-12,4.211559699790723e-16,0.9944126937518947,/Users/arjunsharma/Documents/SandiaProjects/4-LDRDAMDIS/DIMSWE-feature-study-20260828/m1y_test2b_20260828_workspace/external-results/m1y-test2b-20260828/evaluation/representation_B_matched.json
Test 2B,B,M1-Y,X,ONSET,R_truth_active,,3668,4.804499979705579e-13,0.024139732989103404,0.06691590025085092,1.3889195792165082e-12,-2.8611108547018694e-14,0.9951405668942026,/Users/arjunsharma/Documents/SandiaProjects/4-LDRDAMDIS/DIMSWE-feature-study-20260828/m1y_test2b_20260828_workspace/external-results/m1y-test2b-20260828/evaluation/representation_B_matched.json
Test 2B,B,M1-Y,X,PRE_RAIN,R_all,,3342336,1.5028951066317097e-14,0.0007551147203239821,6.754360539024982e+293,8.477411405025284e-13,-6.657909619423077e-16,,/Users/arjunsharma/Documents/SandiaProjects/4-LDRDAMDIS/DIMSWE-feature-study-20260828/m1y_test2b_20260828_workspace/external-results/m1y-test2b-20260828/evaluation/representation_B_matched.json
Test 2B,B,M1-Y,X,TRAINING_OVERALL,R_all,,5308416,4.13794371772402e-14,0.002079068724981385,0.02407342314332374,2.4479021768454498e-12,-3.425509424999152e-16,0.9997086592030849,/Users/arjunsharma/Documents/SandiaProjects/4-LDRDAMDIS/DIMSWE-feature-study-20260828/m1y_test2b_20260828_workspace/external-results/m1y-test2b-20260828/evaluation/representation_B_matched.json
Test 2B,B,M1-Y,X,TRAINING_OVERALL,R_truth_active,,40800,3.2434901617660185e-13,0.016296594190559982,0.016296594190559982,2.4479021768454498e-12,-4.297321725367284e-16,0.9995325689340266,/Users/arjunsharma/Documents/SandiaProjects/4-LDRDAMDIS/DIMSWE-feature-study-20260828/m1y_test2b_20260828_workspace/external-results/m1y-test2b-20260828/evaluation/representation_B_matched.json
Test 2B,B,M1-Y,X,TRAINING_SUSTAINED_RAIN,R_all,,1310720,7.007031554525902e-14,0.003520613414235935,0.02036535999473589,2.4479021768454498e-12,9.985765083869133e-17,0.9997882301776676,/Users/arjunsharma/Documents/SandiaProjects/4-LDRDAMDIS/DIMSWE-feature-study-20260828/m1y_test2b_20260828_workspace/external-results/m1y-test2b-20260828/evaluation/representation_B_matched.json
Test 2B,B,M1-Y,X,TRAINING_SUSTAINED_RAIN,R_truth_active,,37132,3.065405984431175e-13,0.015401827927971571,0.014835587945028034,2.4479021768454498e-12,2.0905423120313648e-15,0.9995689824291937,/Users/arjunsharma/Documents/SandiaProjects/4-LDRDAMDIS/DIMSWE-feature-study-20260828/m1y_test2b_20260828_workspace/external-results/m1y-test2b-20260828/evaluation/representation_B_matched.json
Test 2B,B,M1-X,Y,HELDOUT_MATURE_RAIN,A,"[81,160]",5242880,3.8444076196269135e-09,0.0424690429845707,1.3682283149039298,6.797416781854325e-08,-6.317564581740495e-10,0.49948472683870654,/Users/arjunsharma/Documents/SandiaProjects/4-LDRDAMDIS/DIMSWE-feature-study-20260828/m1y_test2b_20260828_workspace/external-results/m1y-test2b-20260828/evaluation/representation_B_matched.json
Test 2B,B,M1-X,Y,ONSET,A,"[51,60]",655360,1.3414273468427692e-09,0.014818703241274102,0.5539398372334942,4.6803920495945455e-08,-1.8963786499880737e-10,0.866322780643478,/Users/arjunsharma/Documents/SandiaProjects/4-LDRDAMDIS/DIMSWE-feature-study-20260828/m1y_test2b_20260828_workspace/external-results/m1y-test2b-20260828/evaluation/representation_B_matched.json
Test 2B,B,M1-X,Y,PRE_RAIN,A,"[0,50]",3342336,1.6991825876913638e-09,0.018770813476408035,0.01489202777350402,4.3925001160701415e-08,-1.9386491707553002e-10,0.9998884326779913,/Users/arjunsharma/Documents/SandiaProjects/4-LDRDAMDIS/DIMSWE-feature-study-20260828/m1y_test2b_20260828_workspace/external-results/m1y-test2b-20260828/evaluation/representation_B_matched.json
Test 2B,B,M1-X,Y,TRAINING_OVERALL,A,"[0,80]",5308416,1.5314510025252894e-09,0.016917888239260707,0.016912823758942302,4.6803920495945455e-08,-1.7788536584007258e-10,0.9998571874165428,/Users/arjunsharma/Documents/SandiaProjects/4-LDRDAMDIS/DIMSWE-feature-study-20260828/m1y_test2b_20260828_workspace/external-results/m1y-test2b-20260828/evaluation/representation_B_matched.json
Test 2B,B,M1-X,Y,TRAINING_SUSTAINED_RAIN,A,"[61,80]",1310720,1.1119835424462677e-09,0.012284045172834393,0.4552646738715084,4.273173291382963e-08,-1.312612606102888e-10,0.9095356077859655,/Users/arjunsharma/Documents/SandiaProjects/4-LDRDAMDIS/DIMSWE-feature-study-20260828/m1y_test2b_20260828_workspace/external-results/m1y-test2b-20260828/evaluation/representation_B_matched.json
Test 2B,B,M1-X,Y,HELDOUT_MATURE_RAIN,R_all,,5242880,1.2566434451599063e-13,0.006313880186659108,0.02075493772684144,3.4957959767797387e-12,-5.656649002033266e-15,0.9998203002050859,/Users/arjunsharma/Documents/SandiaProjects/4-LDRDAMDIS/DIMSWE-feature-study-20260828/m1y_test2b_20260828_workspace/external-results/m1y-test2b-20260828/evaluation/representation_B_matched.json
Test 2B,B,M1-X,Y,HELDOUT_MATURE_RAIN,R_truth_active,,385812,4.264329692753706e-13,0.02142570102932709,0.01899285961343688,3.4957959767797387e-12,-7.95389322695562e-14,0.9996481515260849,/Users/arjunsharma/Documents/SandiaProjects/4-LDRDAMDIS/DIMSWE-feature-study-20260828/m1y_test2b_20260828_workspace/external-results/m1y-test2b-20260828/evaluation/representation_B_matched.json
Test 2B,B,M1-X,Y,ONSET,R_all,,655360,2.4007424928254946e-14,0.001206229222545513,0.04764728262467501,6.701322885347569e-13,3.1174509810795775e-15,0.9988811924280999,/Users/arjunsharma/Documents/SandiaProjects/4-LDRDAMDIS/DIMSWE-feature-study-20260828/m1y_test2b_20260828_workspace/external-results/m1y-test2b-20260828/evaluation/representation_B_matched.json
Test 2B,B,M1-X,Y,ONSET,R_truth_active,,3648,2.0387948854384442e-13,0.01024372241896641,0.028412017559925347,6.701322885347569e-13,9.270772815991336e-15,0.9988294501324644,/Users/arjunsharma/Documents/SandiaProjects/4-LDRDAMDIS/DIMSWE-feature-study-20260828/m1y_test2b_20260828_workspace/external-results/m1y-test2b-20260828/evaluation/representation_B_matched.json
Test 2B,B,M1-X,Y,PRE_RAIN,R_all,,3342336,1.464157980512597e-14,0.0007356516360232113,6.58026687480342e+293,4.1985475002948587e-13,-1.1802157854237893e-15,,/Users/arjunsharma/Documents/SandiaProjects/4-LDRDAMDIS/DIMSWE-feature-study-20260828/m1y_test2b_20260828_workspace/external-results/m1y-test2b-20260828/evaluation/representation_B_matched.json
Test 2B,B,M1-X,Y,TRAINING_OVERALL,R_all,,5308416,2.425885677990684e-14,0.0012188621662222127,0.014122437958544617,2.135381178967364e-12,3.5046717459460553e-16,0.999899889249066,/Users/arjunsharma/Documents/SandiaProjects/4-LDRDAMDIS/DIMSWE-feature-study-20260828/m1y_test2b_20260828_workspace/external-results/m1y-test2b-20260828/evaluation/representation_B_matched.json
Test 2B,B,M1-X,Y,TRAINING_OVERALL,R_truth_active,,40776,1.9009091806902818e-13,0.009550929389578374,0.009552715909547716,2.135381178967364e-12,-1.2433334273045593e-15,0.999840231375538,/Users/arjunsharma/Documents/SandiaProjects/4-LDRDAMDIS/DIMSWE-feature-study-20260828/m1y_test2b_20260828_workspace/external-results/m1y-test2b-20260828/evaluation/representation_B_matched.json
Test 2B,B,M1-X,Y,TRAINING_SUSTAINED_RAIN,R_all,,1310720,3.9351702236478355e-14,0.001977187196727813,0.011444432035200515,2.135381178967364e-12,2.8702168193990254e-15,0.9999335452799031,/Users/arjunsharma/Documents/SandiaProjects/4-LDRDAMDIS/DIMSWE-feature-study-20260828/m1y_test2b_20260828_workspace/external-results/m1y-test2b-20260828/evaluation/representation_B_matched.json
Test 2B,B,M1-X,Y,TRAINING_SUSTAINED_RAIN,R_truth_active,,37128,1.8881567501644622e-13,0.009486856068909063,0.009141524077588186,2.135381178967364e-12,-2.17855527907328e-15,0.9998380179807854,/Users/arjunsharma/Documents/SandiaProjects/4-LDRDAMDIS/DIMSWE-feature-study-20260828/m1y_test2b_20260828_workspace/external-results/m1y-test2b-20260828/evaluation/representation_B_matched.json
Test 2B,B,M1-Y,Y,HELDOUT_MATURE_RAIN,A,"[81,160]",5242880,8.224342561174365e-09,0.09085403846542288,2.927051311161514,2.211371321922787e-07,-1.151462284246703e-09,0.21408478037379045,/Users/arjunsharma/Documents/SandiaProjects/4-LDRDAMDIS/DIMSWE-feature-study-20260828/m1y_test2b_20260828_workspace/external-results/m1y-test2b-20260828/evaluation/representation_B_matched.json
Test 2B,B,M1-Y,Y,ONSET,A,"[51,60]",655360,5.037393858910893e-10,0.00556479222525994,0.20801820842952978,1.9125606852537903e-08,1.3603808302306674e-11,0.9781042139330108,/Users/arjunsharma/Documents/SandiaProjects/4-LDRDAMDIS/DIMSWE-feature-study-20260828/m1y_test2b_20260828_workspace/external-results/m1y-test2b-20260828/evaluation/representation_B_matched.json
Test 2B,B,M1-Y,Y,PRE_RAIN,A,"[0,50]",3342336,4.1806206181235637e-10,0.004618317678563505,0.0036639922517195697,1.7337693432487788e-08,-4.932014001516708e-12,0.9999931556664524,/Users/arjunsharma/Documents/SandiaProjects/4-LDRDAMDIS/DIMSWE-feature-study-20260828/m1y_test2b_20260828_workspace/external-results/m1y-test2b-20260828/evaluation/representation_B_matched.json
Test 2B,B,M1-Y,Y,TRAINING_OVERALL,A,"[0,80]",5308416,4.836398327608801e-10,0.005342753130992314,0.005341153742954319,2.3531460513312582e-08,-1.280161915297226e-13,0.9999855578039795,/Users/arjunsharma/Documents/SandiaProjects/4-LDRDAMDIS/DIMSWE-feature-study-20260828/m1y_test2b_20260828_workspace/external-results/m1y-test2b-20260828/evaluation/representation_B_matched.json
Test 2B,B,M1-Y,Y,TRAINING_SUSTAINED_RAIN,A,"[61,80]",1310720,6.121847172882009e-10,0.0067627841908015395,0.2506386695725776,2.3531460513312582e-08,5.256265977018895e-12,0.9681229011942151,/Users/arjunsharma/Documents/SandiaProjects/4-LDRDAMDIS/DIMSWE-feature-study-20260828/m1y_test2b_20260828_workspace/external-results/m1y-test2b-20260828/evaluation/representation_B_matched.json
Test 2B,B,M1-Y,Y,HELDOUT_MATURE_RAIN,R_all,,5242880,1.9825373760165976e-13,0.009961062150091028,0.032743925843757654,2.5840082589776022e-12,3.238781965361161e-14,0.9995075553625057,/Users/arjunsharma/Documents/SandiaProjects/4-LDRDAMDIS/DIMSWE-feature-study-20260828/m1y_test2b_20260828_workspace/external-results/m1y-test2b-20260828/evaluation/representation_B_matched.json
Test 2B,B,M1-Y,Y,HELDOUT_MATURE_RAIN,R_truth_active,,385812,5.861745156770448e-13,0.029451756380958483,0.02610757396208549,2.5840082589776022e-12,3.7119203409032933e-13,0.9993010185272047,/Users/arjunsharma/Documents/SandiaProjects/4-LDRDAMDIS/DIMSWE-feature-study-20260828/m1y_test2b_20260828_workspace/external-results/m1y-test2b-20260828/evaluation/representation_B_matched.json
Test 2B,B,M1-Y,Y,ONSET,R_all,,655360,5.389901229448664e-14,0.0027081023429310976,0.10697280027578998,1.3630846542609745e-12,5.835589970229464e-17,0.9943814013919654,/Users/arjunsharma/Documents/SandiaProjects/4-LDRDAMDIS/DIMSWE-feature-study-20260828/m1y_test2b_20260828_workspace/external-results/m1y-test2b-20260828/evaluation/representation_B_matched.json
Test 2B,B,M1-Y,Y,ONSET,R_truth_active,,3648,4.757840464039797e-13,0.023905296886630595,0.06630379925764408,1.3630846542609745e-12,-4.714353967426297e-14,0.9951975158411244,/Users/arjunsharma/Documents/SandiaProjects/4-LDRDAMDIS/DIMSWE-feature-study-20260828/m1y_test2b_20260828_workspace/external-results/m1y-test2b-20260828/evaluation/representation_B_matched.json
Test 2B,B,M1-Y,Y,PRE_RAIN,R_all,,3342336,1.4602844413535703e-14,0.0007337054147428136,6.562858287918914e+293,7.584476951928359e-13,-1.0232028772981774e-15,,/Users/arjunsharma/Documents/SandiaProjects/4-LDRDAMDIS/DIMSWE-feature-study-20260828/m1y_test2b_20260828_workspace/external-results/m1y-test2b-20260828/evaluation/representation_B_matched.json
Test 2B,B,M1-Y,Y,TRAINING_OVERALL,R_all,,5308416,4.1404994216476694e-14,0.002080352813035849,0.02410416398848686,2.4111126407302414e-12,-6.321034376692637e-16,0.9997080161700258,/Users/arjunsharma/Documents/SandiaProjects/4-LDRDAMDIS/DIMSWE-feature-study-20260828/m1y_test2b_20260828_workspace/external-results/m1y-test2b-20260828/evaluation/representation_B_matched.json
Test 2B,B,M1-Y,Y,TRAINING_OVERALL,R_truth_active,,40776,3.2391461589899204e-13,0.016274768180036123,0.016277812407164614,2.4111126407302414e-12,-5.625326446424391e-15,0.999533383754553,/Users/arjunsharma/Documents/SandiaProjects/4-LDRDAMDIS/DIMSWE-feature-study-20260828/m1y_test2b_20260828_workspace/external-results/m1y-test2b-20260828/evaluation/representation_B_matched.json
Test 2B,B,M1-Y,Y,TRAINING_SUSTAINED_RAIN,R_all,,1310720,7.033414023605793e-14,0.0035338690238076284,0.02045487849162638,2.4111126407302414e-12,1.997046469868631e-17,0.9997863943526875,/Users/arjunsharma/Documents/SandiaProjects/4-LDRDAMDIS/DIMSWE-feature-study-20260828/m1y_test2b_20260828_workspace/external-results/m1y-test2b-20260828/evaluation/representation_B_matched.json
Test 2B,B,M1-Y,Y,TRAINING_SUSTAINED_RAIN,R_truth_active,,37128,3.0678626380933145e-13,0.015414171140314426,0.01485307836355243,2.4111126407302414e-12,-1.93231256977404e-15,0.9995680986536885,/Users/arjunsharma/Documents/SandiaProjects/4-LDRDAMDIS/DIMSWE-feature-study-20260828/m1y_test2b_20260828_workspace/external-results/m1y-test2b-20260828/evaluation/representation_B_matched.json
Test 2B,C,M1-X,X,HELDOUT_MATURE_RAIN,source_Qc,,5242880,2.437409488950573e-06,0.035826586381001946,2.6710308151264264,7.494123629772875e-05,1.1931584021644438e-07,0.20346450259353552,/Users/arjunsharma/Documents/SandiaProjects/4-LDRDAMDIS/DIMSWE-feature-study-20260828/m1y_test2b_20260828_workspace/external-results/m1y-test2b-20260828/evaluation/representation_C_matched.json
Test 2B,C,M1-X,X,HELDOUT_MATURE_RAIN,source_Qr,,5242880,2.64742975251138e-10,0.017559977906974354,0.05724900844383184,4.694612803954319e-09,-2.3055538186010348e-12,0.998327367769929,/Users/arjunsharma/Documents/SandiaProjects/4-LDRDAMDIS/DIMSWE-feature-study-20260828/m1y_test2b_20260828_workspace/external-results/m1y-test2b-20260828/evaluation/representation_C_matched.json
Test 2B,C,M1-X,X,HELDOUT_MATURE_RAIN,source_Qv,,5242880,2.144913318986307e-06,0.03152729265002865,2.3505055589689134,6.98602964575558e-05,-8.455643789609843e-08,0.23396475903450029,/Users/arjunsharma/Documents/SandiaProjects/4-LDRDAMDIS/DIMSWE-feature-study-20260828/m1y_test2b_20260828_workspace/external-results/m1y-test2b-20260828/evaluation/representation_C_matched.json
Test 2B,C,M1-X,X,HELDOUT_MATURE_RAIN,source_S,,5242880,0.00020662250139517159,0.03097102451028804,2.3090331950316814,0.006939363728952257,-4.703895506954072e-06,0.22968289813598827,/Users/arjunsharma/Documents/SandiaProjects/4-LDRDAMDIS/DIMSWE-feature-study-20260828/m1y_test2b_20260828_workspace/external-results/m1y-test2b-20260828/evaluation/representation_C_matched.json
Test 2B,C,M1-X,X,ONSET,source_Qc,,655360,4.4103354459990777e-07,0.006482590001457275,0.6079521035457993,2.9415560844745888e-05,3.219597671778989e-09,0.8033732998853322,/Users/arjunsharma/Documents/SandiaProjects/4-LDRDAMDIS/DIMSWE-feature-study-20260828/m1y_test2b_20260828_workspace/external-results/m1y-test2b-20260828/evaluation/representation_C_matched.json
Test 2B,C,M1-X,X,ONSET,source_Qr,,655360,5.834227965575692e-11,0.0038697500503111354,0.15343556681879683,1.708586847192382e-09,2.156845253653333e-13,0.9881295833722623,/Users/arjunsharma/Documents/SandiaProjects/4-LDRDAMDIS/DIMSWE-feature-study-20260828/m1y_test2b_20260828_workspace/external-results/m1y-test2b-20260828/evaluation/representation_C_matched.json
Test 2B,C,M1-X,X,ONSET,source_Qv,,655360,4.4633218425184516e-07,0.006560472755460689,0.6152524241414038,2.974759022652285e-05,1.3719138485462964e-08,0.7945437650715561,/Users/arjunsharma/Documents/SandiaProjects/4-LDRDAMDIS/DIMSWE-feature-study-20260828/m1y_test2b_20260828_workspace/external-results/m1y-test2b-20260828/evaluation/representation_C_matched.json
Test 2B,C,M1-X,X,ONSET,source_S,,655360,4.3758720910060337e-05,0.006559074683024829,0.6151213105025929,0.0028832544466477128,3.2230038895058267e-07,0.7989015921729998,/Users/arjunsharma/Documents/SandiaProjects/4-LDRDAMDIS/DIMSWE-feature-study-20260828/m1y_test2b_20260828_workspace/external-results/m1y-test2b-20260828/evaluation/representation_C_matched.json
Test 2B,C,M1-X,X,PRE_RAIN,source_Qc,,3342336,3.5613400864745344e-07,0.005234682921298506,0.004153771724781101,2.8372058973073843e-05,1.349088015553065e-08,0.9999912191636706,/Users/arjunsharma/Documents/SandiaProjects/4-LDRDAMDIS/DIMSWE-feature-study-20260828/m1y_test2b_20260828_workspace/external-results/m1y-test2b-20260828/evaluation/representation_C_matched.json
Test 2B,C,M1-X,X,PRE_RAIN,source_Qr,,3342336,2.4491226136012046e-11,0.0016244638387670903,1.1006927272267345e+297,9.404131669901672e-10,6.361870589335515e-13,,/Users/arjunsharma/Documents/SandiaProjects/4-LDRDAMDIS/DIMSWE-feature-study-20260828/m1y_test2b_20260828_workspace/external-results/m1y-test2b-20260828/evaluation/representation_C_matched.json
Test 2B,C,M1-X,X,PRE_RAIN,source_Qv,,3342336,3.4832454340921464e-07,0.005119894459156941,0.004062685967440895,2.8745403232800696e-05,-8.26754091135544e-09,0.9999916036746098,/Users/arjunsharma/Documents/SandiaProjects/4-LDRDAMDIS/DIMSWE-feature-study-20260828/m1y_test2b_20260828_workspace/external-results/m1y-test2b-20260828/evaluation/representation_C_matched.json
Test 2B,C,M1-X,X,PRE_RAIN,source_S,,3342336,3.472638807289121e-05,0.005205201799886935,0.004130378170643167,0.0027843218964056045,-7.451465386266224e-07,0.9999913088228757,/Users/arjunsharma/Documents/SandiaProjects/4-LDRDAMDIS/DIMSWE-feature-study-20260828/m1y_test2b_20260828_workspace/external-results/m1y-test2b-20260828/evaluation/representation_C_matched.json
Test 2B,C,M1-X,X,TRAINING_OVERALL,source_Qc,,5308416,4.004925605342797e-07,0.005886692974641564,0.005886692974641656,2.9415560844745888e-05,6.027396059680911e-09,0.9999824682069227,/Users/arjunsharma/Documents/SandiaProjects/4-LDRDAMDIS/DIMSWE-feature-study-20260828/m1y_test2b_20260828_workspace/external-results/m1y-test2b-20260828/evaluation/representation_C_matched.json
Test 2B,C,M1-X,X,TRAINING_OVERALL,source_Qr,,5308416,5.33058247101071e-11,0.003535690053096148,0.04093956189571676,4.181608893737316e-09,1.7785256135129698e-13,0.9991573754577131,/Users/arjunsharma/Documents/SandiaProjects/4-LDRDAMDIS/DIMSWE-feature-study-20260828/m1y_test2b_20260828_workspace/external-results/m1y-test2b-20260828/evaluation/representation_C_matched.json
Test 2B,C,M1-X,X,TRAINING_OVERALL,source_Qv,,5308416,3.9923743181157384e-07,0.0058682442960063036,0.0058682442960063955,2.974759022652285e-05,3.760954964009753e-09,0.9999825828036807,/Users/arjunsharma/Documents/SandiaProjects/4-LDRDAMDIS/DIMSWE-feature-study-20260828/m1y_test2b_20260828_workspace/external-results/m1y-test2b-20260828/evaluation/representation_C_matched.json
Test 2B,C,M1-X,X,TRAINING_OVERALL,source_S,,5308416,3.935077283569409e-05,0.005898359286930684,0.005898359286930776,0.0028832544466477128,1.343007993408117e-07,0.9999823944315446,/Users/arjunsharma/Documents/SandiaProjects/4-LDRDAMDIS/DIMSWE-feature-study-20260828/m1y_test2b_20260828_workspace/external-results/m1y-test2b-20260828/evaluation/representation_C_matched.json
Test 2B,C,M1-X,X,TRAINING_SUSTAINED_RAIN,source_Qc,,1310720,4.784573472109862e-07,0.007032668723571643,0.6329867417874203,2.7009254501026527e-05,-1.160058919078495e-08,0.7786137842191565,/Users/arjunsharma/Documents/SandiaProjects/4-LDRDAMDIS/DIMSWE-feature-study-20260828/m1y_test2b_20260828_workspace/external-results/m1y-test2b-20260828/evaluation/representation_C_matched.json
Test 2B,C,M1-X,X,TRAINING_SUSTAINED_RAIN,source_Qr,,1310720,9.097618996083071e-11,0.006034305100097353,0.034903350114194154,4.181608893737316e-09,-1.0098163894904694e-12,0.9993781033026363,/Users/arjunsharma/Documents/SandiaProjects/4-LDRDAMDIS/DIMSWE-feature-study-20260828/m1y_test2b_20260828_workspace/external-results/m1y-test2b-20260828/evaluation/representation_C_matched.json
Test 2B,C,M1-X,X,TRAINING_SUSTAINED_RAIN,source_Qv,,1310720,4.863475676985658e-07,0.007148644171648314,0.6434171049512406,2.740580242958458e-05,2.9454527685464373e-08,0.7682743635642036,/Users/arjunsharma/Documents/SandiaProjects/4-LDRDAMDIS/DIMSWE-feature-study-20260828/m1y_test2b_20260828_workspace/external-results/m1y-test2b-20260828/evaluation/representation_C_matched.json
Test 2B,C,M1-X,X,TRAINING_SUSTAINED_RAIN,source_S,,1310720,4.731641846610529e-05,0.00709234447438084,0.6383498240297568,0.0026422253939631245,2.282891716352884e-06,0.7757380872026842,/Users/arjunsharma/Documents/SandiaProjects/4-LDRDAMDIS/DIMSWE-feature-study-20260828/m1y_test2b_20260828_workspace/external-results/m1y-test2b-20260828/evaluation/representation_C_matched.json
Test 2B,C,M1-Y,X,HELDOUT_MATURE_RAIN,source_Qc,,5242880,3.0268150526707763e-06,0.04449004216789013,3.316929844583906,7.706403173983065e-05,4.519711673846886e-07,0.18980961289173703,/Users/arjunsharma/Documents/SandiaProjects/4-LDRDAMDIS/DIMSWE-feature-study-20260828/m1y_test2b_20260828_workspace/external-results/m1y-test2b-20260828/evaluation/representation_C_matched.json
Test 2B,C,M1-Y,X,HELDOUT_MATURE_RAIN,source_Qr,,5242880,3.8023223859036997e-10,0.02522019593846654,0.0822228375163794,9.625024404471993e-09,-3.6248180648500644e-11,0.9972731413890792,/Users/arjunsharma/Documents/SandiaProjects/4-LDRDAMDIS/DIMSWE-feature-study-20260828/m1y_test2b_20260828_workspace/external-results/m1y-test2b-20260828/evaluation/representation_C_matched.json
Test 2B,C,M1-Y,X,HELDOUT_MATURE_RAIN,source_Qv,,5242880,3.0597366458452533e-06,0.044973944546705565,3.3530156819759473,7.887869085528745e-05,-5.388119170715205e-07,0.18756299178963504,/Users/arjunsharma/Documents/SandiaProjects/4-LDRDAMDIS/DIMSWE-feature-study-20260828/m1y_test2b_20260828_workspace/external-results/m1y-test2b-20260828/evaluation/representation_C_matched.json
Test 2B,C,M1-Y,X,HELDOUT_MATURE_RAIN,source_S,,5242880,0.0003042599732271657,0.04560608367767218,3.400144579400555,0.007783074658967768,-5.080295961337462e-05,0.1827574086234803,/Users/arjunsharma/Documents/SandiaProjects/4-LDRDAMDIS/DIMSWE-feature-study-20260828/m1y_test2b_20260828_workspace/external-results/m1y-test2b-20260828/evaluation/representation_C_matched.json
Test 2B,C,M1-Y,X,ONSET,source_Qc,,655360,5.879282874364735e-07,0.00864174184566182,0.8104422973207969,1.694601562164226e-05,-3.202634873857623e-08,0.7024016050505222,/Users/arjunsharma/Documents/SandiaProjects/4-LDRDAMDIS/DIMSWE-feature-study-20260828/m1y_test2b_20260828_workspace/external-results/m1y-test2b-20260828/evaluation/representation_C_matched.json
Test 2B,C,M1-Y,X,ONSET,source_Qr,,655360,9.899340572331164e-11,0.006566074192482389,0.26034480325591225,1.8563107137821874e-09,3.4321271698617235e-12,0.9654681072216077,/Users/arjunsharma/Documents/SandiaProjects/4-LDRDAMDIS/DIMSWE-feature-study-20260828/m1y_test2b_20260828_workspace/external-results/m1y-test2b-20260828/evaluation/representation_C_matched.json
Test 2B,C,M1-Y,X,ONSET,source_Qv,,655360,5.825837467581835e-07,0.008563184402191072,0.8030701685991454,1.678062827185777e-05,2.5692346524200074e-08,0.7042843806594744,/Users/arjunsharma/Documents/SandiaProjects/4-LDRDAMDIS/DIMSWE-feature-study-20260828/m1y_test2b_20260828_workspace/external-results/m1y-test2b-20260828/evaluation/representation_C_matched.json
Test 2B,C,M1-Y,X,ONSET,source_S,,655360,5.851794940506186e-05,0.008771362427027118,0.8225934619969778,0.001668707496288285,2.3850346834409715e-06,0.6923175248996736,/Users/arjunsharma/Documents/SandiaProjects/4-LDRDAMDIS/DIMSWE-feature-study-20260828/m1y_test2b_20260828_workspace/external-results/m1y-test2b-20260828/evaluation/representation_C_matched.json
Test 2B,C,M1-Y,X,PRE_RAIN,source_Qc,,3342336,7.076367877034637e-07,0.010401293100712541,0.008253527067917085,1.632222142891381e-05,-5.514351287821167e-08,0.9999655053850919,/Users/arjunsharma/Documents/SandiaProjects/4-LDRDAMDIS/DIMSWE-feature-study-20260828/m1y_test2b_20260828_workspace/external-results/m1y-test2b-20260828/evaluation/representation_C_matched.json
Test 2B,C,M1-Y,X,PRE_RAIN,source_Qr,,3342336,2.1869396457315786e-11,0.0014505620716282921,9.82861596872471e+296,1.5404012852210113e-09,-6.975542580164707e-13,,/Users/arjunsharma/Documents/SandiaProjects/4-LDRDAMDIS/DIMSWE-feature-study-20260828/m1y_test2b_20260828_workspace/external-results/m1y-test2b-20260828/evaluation/representation_C_matched.json
Test 2B,C,M1-Y,X,PRE_RAIN,source_Qv,,3342336,7.241632338548491e-07,0.010644209254536643,0.008446283398590064,1.6002342290471676e-05,5.8651451856087096e-08,0.9999639023546857,/Users/arjunsharma/Documents/SandiaProjects/4-LDRDAMDIS/DIMSWE-feature-study-20260828/m1y_test2b_20260828_workspace/external-results/m1y-test2b-20260828/evaluation/representation_C_matched.json
Test 2B,C,M1-Y,X,PRE_RAIN,source_S,,3342336,7.124594568371924e-05,0.010679185060338653,0.008474037040108516,0.0015745797534458717,5.803145425179947e-06,0.9999636347554132,/Users/arjunsharma/Documents/SandiaProjects/4-LDRDAMDIS/DIMSWE-feature-study-20260828/m1y_test2b_20260828_workspace/external-results/m1y-test2b-20260828/evaluation/representation_C_matched.json
Test 2B,C,M1-Y,X,TRAINING_OVERALL,source_Qc,,5308416,6.527299188406675e-07,0.009594237212425893,0.009594237212426042,2.3047543616414892e-05,-3.753673381896298e-08,0.9999535838633069,/Users/arjunsharma/Documents/SandiaProjects/4-LDRDAMDIS/DIMSWE-feature-study-20260828/m1y_test2b_20260828_workspace/external-results/m1y-test2b-20260828/evaluation/representation_C_matched.json
Test 2B,C,M1-Y,X,TRAINING_OVERALL,source_Qr,,5308416,8.914419021939257e-11,0.005912791488811842,0.06846388950884011,8.196429677059478e-09,5.541089675093945e-13,0.9976410956476535,/Users/arjunsharma/Documents/SandiaProjects/4-LDRDAMDIS/DIMSWE-feature-study-20260828/m1y_test2b_20260828_workspace/external-results/m1y-test2b-20260828/evaluation/representation_C_matched.json
Test 2B,C,M1-Y,X,TRAINING_OVERALL,source_Qv,,5308416,6.625438155537241e-07,0.009738488069205844,0.009738488069205997,2.2577429339736544e-05,3.3357297993182445e-08,0.9999521463914449,/Users/arjunsharma/Documents/SandiaProjects/4-LDRDAMDIS/DIMSWE-feature-study-20260828/m1y_test2b_20260828_workspace/external-results/m1y-test2b-20260828/evaluation/representation_C_matched.json
Test 2B,C,M1-Y,X,TRAINING_OVERALL,source_S,,5308416,6.549838622768845e-05,0.009817672864981855,0.00981767286498201,0.002288149135449675,3.385712011475465e-06,0.9999513454057126,/Users/arjunsharma/Documents/SandiaProjects/4-LDRDAMDIS/DIMSWE-feature-study-20260828/m1y_test2b_20260828_workspace/external-results/m1y-test2b-20260828/evaluation/representation_C_matched.json
Test 2B,C,M1-Y,X,TRAINING_SUSTAINED_RAIN,source_Qc,,1310720,5.251536157342119e-07,0.0077190400146910955,0.6947647018050619,2.3047543616414892e-05,4.605360241927759e-09,0.753164918828055,/Users/arjunsharma/Documents/SandiaProjects/4-LDRDAMDIS/DIMSWE-feature-study-20260828/m1y_test2b_20260828_workspace/external-results/m1y-test2b-20260828/evaluation/representation_C_matched.json
Test 2B,C,M1-Y,X,TRAINING_SUSTAINED_RAIN,source_Qr,,1310720,1.6144548295025153e-10,0.010708420539196292,0.06193915373015626,8.196429677059478e-09,2.3068410914241865e-12,0.9980398424989625,/Users/arjunsharma/Documents/SandiaProjects/4-LDRDAMDIS/DIMSWE-feature-study-20260828/m1y_test2b_20260828_workspace/external-results/m1y-test2b-20260828/evaluation/representation_C_matched.json
Test 2B,C,M1-Y,X,TRAINING_SUSTAINED_RAIN,source_Qv,,1310720,5.204343780591688e-07,0.007649673670711076,0.6885125023499059,2.2577429339736544e-05,-2.7310318622733203e-08,0.7562849320792256,/Users/arjunsharma/Documents/SandiaProjects/4-LDRDAMDIS/DIMSWE-feature-study-20260828/m1y_test2b_20260828_workspace/external-results/m1y-test2b-20260828/evaluation/representation_C_matched.json
Test 2B,C,M1-Y,X,TRAINING_SUSTAINED_RAIN,source_S,,1310720,5.214134580756063e-05,0.007815561655198805,0.7034433289741494,0.002288149135449675,-2.278404529453717e-06,0.746096035694514,/Users/arjunsharma/Documents/SandiaProjects/4-LDRDAMDIS/DIMSWE-feature-study-20260828/m1y_test2b_20260828_workspace/external-results/m1y-test2b-20260828/evaluation/representation_C_matched.json
Test 2B,C,M1-X,Y,HELDOUT_MATURE_RAIN,source_Qc,,5242880,2.51974602038842e-06,0.037036820799651135,1.2236381253446988,7.481529731472638e-05,3.9654168361721085e-08,0.4562874914234049,/Users/arjunsharma/Documents/SandiaProjects/4-LDRDAMDIS/DIMSWE-feature-study-20260828/m1y_test2b_20260828_workspace/external-results/m1y-test2b-20260828/evaluation/representation_C_matched.json
Test 2B,C,M1-X,Y,HELDOUT_MATURE_RAIN,source_Qr,,5242880,2.650831674154609e-10,0.017582542308858744,0.05734199373330897,4.691386593099302e-09,-1.3612291006518294e-12,0.9983215727808644,/Users/arjunsharma/Documents/SandiaProjects/4-LDRDAMDIS/DIMSWE-feature-study-20260828/m1y_test2b_20260828_workspace/external-results/m1y-test2b-20260828/evaluation/representation_C_matched.json
Test 2B,C,M1-X,Y,HELDOUT_MATURE_RAIN,source_Qv,,5242880,2.23513922941076e-06,0.03285349015059308,1.0854458336212938,6.971065128908935e-05,-6.7319275352884054e-09,0.5244002731735459,/Users/arjunsharma/Documents/SandiaProjects/4-LDRDAMDIS/DIMSWE-feature-study-20260828/m1y_test2b_20260828_workspace/external-results/m1y-test2b-20260828/evaluation/representation_C_matched.json
Test 2B,C,M1-X,Y,HELDOUT_MATURE_RAIN,source_S,,5242880,0.00021664790492444334,0.032473750575135976,1.0728996250403589,0.0069258468886208785,2.8909379617100094e-06,0.5183974675722124,/Users/arjunsharma/Documents/SandiaProjects/4-LDRDAMDIS/DIMSWE-feature-study-20260828/m1y_test2b_20260828_workspace/external-results/m1y-test2b-20260828/evaluation/representation_C_matched.json
Test 2B,C,M1-X,Y,ONSET,source_Qc,,655360,1.027805212094417e-06,0.015107331115625837,0.5939124606288972,2.9124412246769644e-05,5.1122827815174776e-08,0.854042826954574,/Users/arjunsharma/Documents/SandiaProjects/4-LDRDAMDIS/DIMSWE-feature-study-20260828/m1y_test2b_20260828_workspace/external-results/m1y-test2b-20260828/evaluation/representation_C_matched.json
Test 2B,C,M1-X,Y,ONSET,source_Qr,,655360,5.879471674256068e-11,0.0038997594782894727,0.15514347791022967,1.69212846318961e-09,2.3306923358248847e-12,0.9878797365673231,/Users/arjunsharma/Documents/SandiaProjects/4-LDRDAMDIS/DIMSWE-feature-study-20260828/m1y_test2b_20260828_workspace/external-results/m1y-test2b-20260828/evaluation/representation_C_matched.json
Test 2B,C,M1-X,Y,ONSET,source_Qv,,655360,1.016299077294183e-06,0.014938206661400447,0.587255797669233,2.9453616226380227e-05,-3.649306804181889e-08,0.8566679570613245,/Users/arjunsharma/Documents/SandiaProjects/4-LDRDAMDIS/DIMSWE-feature-study-20260828/m1y_test2b_20260828_workspace/external-results/m1y-test2b-20260828/evaluation/representation_C_matched.json
Test 2B,C,M1-X,Y,ONSET,source_S,,655360,0.00010093524944463969,0.01512936908320201,0.5947708390021083,0.0028553883307587363,-3.900452761530671e-06,0.8597375499855922,/Users/arjunsharma/Documents/SandiaProjects/4-LDRDAMDIS/DIMSWE-feature-study-20260828/m1y_test2b_20260828_workspace/external-results/m1y-test2b-20260828/evaluation/representation_C_matched.json
Test 2B,C,M1-X,Y,PRE_RAIN,source_Qc,,3342336,1.2573943549899224e-06,0.018481977557831767,0.01466322579304656,2.8509520296686947e-05,7.792249637493874e-08,0.999890780800464,/Users/arjunsharma/Documents/SandiaProjects/4-LDRDAMDIS/DIMSWE-feature-study-20260828/m1y_test2b_20260828_workspace/external-results/m1y-test2b-20260828/evaluation/representation_C_matched.json
Test 2B,C,M1-X,Y,PRE_RAIN,source_Qr,,3342336,2.389627802126737e-11,0.0015850018823514304,1.0739543736898399e+297,9.530265639027582e-10,2.1160034311345433e-12,,/Users/arjunsharma/Documents/SandiaProjects/4-LDRDAMDIS/DIMSWE-feature-study-20260828/m1y_test2b_20260828_workspace/external-results/m1y-test2b-20260828/evaluation/representation_C_matched.json
Test 2B,C,M1-X,Y,PRE_RAIN,source_Qv,,3342336,1.2312275359873482e-06,0.01809736109251817,0.014358078904325555,2.8898654041330026e-05,-7.415032162987763e-08,0.9998953056561068,/Users/arjunsharma/Documents/SandiaProjects/4-LDRDAMDIS/DIMSWE-feature-study-20260828/m1y_test2b_20260828_workspace/external-results/m1y-test2b-20260828/evaluation/representation_C_matched.json
Test 2B,C,M1-X,Y,PRE_RAIN,source_S,,3342336,0.000121352098971748,0.01818968798776112,0.014431329188724073,0.0027984201241353385,-6.750354652839579e-06,0.999894129513899,/Users/arjunsharma/Documents/SandiaProjects/4-LDRDAMDIS/DIMSWE-feature-study-20260828/m1y_test2b_20260828_workspace/external-results/m1y-test2b-20260828/evaluation/representation_C_matched.json
Test 2B,C,M1-X,Y,TRAINING_OVERALL,source_Qc,,5308416,1.1517344248353696e-06,0.016928921072307646,0.01692443046961919,2.9124412246769644e-05,5.904979510313402e-08,0.9998553589126277,/Users/arjunsharma/Documents/SandiaProjects/4-LDRDAMDIS/DIMSWE-feature-study-20260828/m1y_test2b_20260828_workspace/external-results/m1y-test2b-20260828/evaluation/representation_C_matched.json
Test 2B,C,M1-X,Y,TRAINING_OVERALL,source_Qr,,5308416,5.3522735707789e-11,0.003550077412471636,0.04112975393492715,4.165463471156707e-09,1.7868713441397138e-12,0.9991504104161912,/Users/arjunsharma/Documents/SandiaProjects/4-LDRDAMDIS/DIMSWE-feature-study-20260828/m1y_test2b_20260828_workspace/external-results/m1y-test2b-20260828/evaluation/representation_C_matched.json
Test 2B,C,M1-X,Y,TRAINING_OVERALL,source_Qv,,5308416,1.1314218695445464e-06,0.01663035427866685,0.016625942574361386,2.9453616226380227e-05,-5.096002561976156e-08,0.9998603801149869,/Users/arjunsharma/Documents/SandiaProjects/4-LDRDAMDIS/DIMSWE-feature-study-20260828/m1y_test2b_20260828_workspace/external-results/m1y-test2b-20260828/evaluation/representation_C_matched.json
Test 2B,C,M1-X,Y,TRAINING_OVERALL,source_S,,5308416,0.00011191848672990768,0.016775666600981905,0.016771216348189295,0.0028553883307587363,-4.7328536564519315e-06,0.9998578468115125,/Users/arjunsharma/Documents/SandiaProjects/4-LDRDAMDIS/DIMSWE-feature-study-20260828/m1y_test2b_20260828_workspace/external-results/m1y-test2b-20260828/evaluation/representation_C_matched.json
Test 2B,C,M1-X,Y,TRAINING_SUSTAINED_RAIN,source_Qc,,1310720,9.013590491959472e-07,0.013248745433505297,0.5084937057051114,2.683828411807993e-05,1.48878905040116e-08,0.9036439683701384,/Users/arjunsharma/Documents/SandiaProjects/4-LDRDAMDIS/DIMSWE-feature-study-20260828/m1y_test2b_20260828_workspace/external-results/m1y-test2b-20260828/evaluation/representation_C_matched.json
Test 2B,C,M1-X,Y,TRAINING_SUSTAINED_RAIN,source_Qr,,1310720,9.174653067396552e-11,0.006085400566901177,0.03521806863805985,4.165463471156707e-09,6.756740264603132e-13,0.9993667465723842,/Users/arjunsharma/Documents/SandiaProjects/4-LDRDAMDIS/DIMSWE-feature-study-20260828/m1y_test2b_20260828_workspace/external-results/m1y-test2b-20260828/evaluation/representation_C_matched.json
Test 2B,C,M1-X,Y,TRAINING_SUSTAINED_RAIN,source_Qv,,1310720,8.957881875320865e-07,0.013166861378859817,0.5052983267870972,2.7235412281429813e-05,9.41750417063074e-10,0.9006468384357275,/Users/arjunsharma/Documents/SandiaProjects/4-LDRDAMDIS/DIMSWE-feature-study-20260828/m1y_test2b_20260828_workspace/external-results/m1y-test2b-20260828/evaluation/representation_C_matched.json
Test 2B,C,M1-X,Y,TRAINING_SUSTAINED_RAIN,source_S,,1310720,8.990644789254617e-05,0.013476241854160666,0.517171272967051,0.0026261561819151107,-4.426563124062541e-09,0.9057632164566867,/Users/arjunsharma/Documents/SandiaProjects/4-LDRDAMDIS/DIMSWE-feature-study-20260828/m1y_test2b_20260828_workspace/external-results/m1y-test2b-20260828/evaluation/representation_C_matched.json
Test 2B,C,M1-Y,Y,HELDOUT_MATURE_RAIN,source_Qc,,5242880,3.0885834333516892e-06,0.04539795289692899,1.499876738281175,7.724168491289008e-05,3.9246030372762856e-07,0.4339703553137148,/Users/arjunsharma/Documents/SandiaProjects/4-LDRDAMDIS/DIMSWE-feature-study-20260828/m1y_test2b_20260828_workspace/external-results/m1y-test2b-20260828/evaluation/representation_C_matched.json
Test 2B,C,M1-Y,Y,HELDOUT_MATURE_RAIN,source_Qr,,5242880,3.799826256510576e-10,0.025203639511632316,0.08219669906350455,9.600939586044684e-09,-3.6987858756744824e-11,0.9972734142210706,/Users/arjunsharma/Documents/SandiaProjects/4-LDRDAMDIS/DIMSWE-feature-study-20260828/m1y_test2b_20260828_workspace/external-results/m1y-test2b-20260828/evaluation/representation_C_matched.json
Test 2B,C,M1-Y,Y,HELDOUT_MATURE_RAIN,source_Qv,,5242880,3.119174194784512e-06,0.04584759523609287,1.5147578233685506,7.905584954527292e-05,-4.781740002104006e-07,0.43189439550002223,/Users/arjunsharma/Documents/SandiaProjects/4-LDRDAMDIS/DIMSWE-feature-study-20260828/m1y_test2b_20260828_workspace/external-results/m1y-test2b-20260828/evaluation/representation_C_matched.json
Test 2B,C,M1-Y,Y,HELDOUT_MATURE_RAIN,source_S,,5242880,0.000310352548717638,0.046519310957238005,1.5369506262504609,0.007800721135438239,-4.486472771924432e-05,0.4199767462089339,/Users/arjunsharma/Documents/SandiaProjects/4-LDRDAMDIS/DIMSWE-feature-study-20260828/m1y_test2b_20260828_workspace/external-results/m1y-test2b-20260828/evaluation/representation_C_matched.json
Test 2B,C,M1-Y,Y,ONSET,source_Qc,,655360,3.7504722125664923e-07,0.005512681283230439,0.21671929214550917,1.6750794514534767e-05,-1.080486179854734e-08,0.9761461119373601,/Users/arjunsharma/Documents/SandiaProjects/4-LDRDAMDIS/DIMSWE-feature-study-20260828/m1y_test2b_20260828_workspace/external-results/m1y-test2b-20260828/evaluation/representation_C_matched.json
Test 2B,C,M1-Y,Y,ONSET,source_Qr,,655360,9.882215030195318e-11,0.00655471509442643,0.2607651323424802,1.853394070243003e-09,2.9225193269331384e-12,0.9653345117606468,/Users/arjunsharma/Documents/SandiaProjects/4-LDRDAMDIS/DIMSWE-feature-study-20260828/m1y_test2b_20260828_workspace/external-results/m1y-test2b-20260828/evaluation/representation_C_matched.json
Test 2B,C,M1-Y,Y,ONSET,source_Qv,,655360,3.763008009037366e-07,0.005531107187184195,0.21744074351287407,1.6582828285659215e-05,5.329124650002435e-09,0.9761835362906726,/Users/arjunsharma/Documents/SandiaProjects/4-LDRDAMDIS/DIMSWE-feature-study-20260828/m1y_test2b_20260828_workspace/external-results/m1y-test2b-20260828/evaluation/representation_C_matched.json
Test 2B,C,M1-Y,Y,ONSET,source_S,,655360,3.6874848735678756e-05,0.005527238496748537,0.2172886562550643,0.0016499767702374225,5.755562114065896e-07,0.9761420407909196,/Users/arjunsharma/Documents/SandiaProjects/4-LDRDAMDIS/DIMSWE-feature-study-20260828/m1y_test2b_20260828_workspace/external-results/m1y-test2b-20260828/evaluation/representation_C_matched.json
Test 2B,C,M1-Y,Y,PRE_RAIN,source_Qc,,3342336,2.9981321465082554e-07,0.004406844267057622,0.0034963007784454573,1.6346789007302726e-05,6.3104191110283875e-09,0.999993770560723,/Users/arjunsharma/Documents/SandiaProjects/4-LDRDAMDIS/DIMSWE-feature-study-20260828/m1y_test2b_20260828_workspace/external-results/m1y-test2b-20260828/evaluation/representation_C_matched.json
Test 2B,C,M1-Y,Y,PRE_RAIN,source_Qr,,3342336,2.187467454031351e-11,0.0014509121584275484,9.830988062117271e+296,1.485467448351283e-09,-9.3184905963546e-13,,/Users/arjunsharma/Documents/SandiaProjects/4-LDRDAMDIS/DIMSWE-feature-study-20260828/m1y_test2b_20260828_workspace/external-results/m1y-test2b-20260828/evaluation/representation_C_matched.json
Test 2B,C,M1-Y,Y,PRE_RAIN,source_Qv,,3342336,3.026916329831449e-07,0.004449153078262737,0.0035298677320158684,1.6000717601213805e-05,-1.8877318361550015e-09,0.9999936508086297,/Users/arjunsharma/Documents/SandiaProjects/4-LDRDAMDIS/DIMSWE-feature-study-20260828/m1y_test2b_20260828_workspace/external-results/m1y-test2b-20260828/evaluation/representation_C_matched.json
Test 2B,C,M1-Y,Y,PRE_RAIN,source_S,,3342336,2.9348530682780086e-05,0.004399104923131878,0.003490160541740381,0.0015764906780555915,2.578610346971682e-09,0.9999937957988858,/Users/arjunsharma/Documents/SandiaProjects/4-LDRDAMDIS/DIMSWE-feature-study-20260828/m1y_test2b_20260828_workspace/external-results/m1y-test2b-20260828/evaluation/representation_C_matched.json
Test 2B,C,M1-Y,Y,TRAINING_OVERALL,source_Qc,,5308416,3.5031452279209144e-07,0.0051491444372500535,0.0051477785639168164,2.090171967807911e-05,-1.0396764471976715e-09,0.9999865855617888,/Users/arjunsharma/Documents/SandiaProjects/4-LDRDAMDIS/DIMSWE-feature-study-20260828/m1y_test2b_20260828_workspace/external-results/m1y-test2b-20260828/evaluation/representation_C_matched.json
Test 2B,C,M1-Y,Y,TRAINING_OVERALL,source_Qr,,5308416,8.923615803471502e-11,0.005918891566835378,0.06857387189818062,8.168051560553385e-09,1.6694660864364183e-13,0.9976334394905148,/Users/arjunsharma/Documents/SandiaProjects/4-LDRDAMDIS/DIMSWE-feature-study-20260828/m1y_test2b_20260828_workspace/external-results/m1y-test2b-20260828/evaluation/representation_C_matched.json
Test 2B,C,M1-Y,Y,TRAINING_OVERALL,source_Qv,,5308416,3.503926951286261e-07,0.005150293461263637,0.005148927190199489,2.0439864387715287e-05,-2.3881855088269543e-09,0.9999865820994897,/Users/arjunsharma/Documents/SandiaProjects/4-LDRDAMDIS/DIMSWE-feature-study-20260828/m1y_test2b_20260828_workspace/external-results/m1y-test2b-20260828/evaluation/representation_C_matched.json
Test 2B,C,M1-Y,Y,TRAINING_OVERALL,source_S,,5308416,3.430946794382406e-05,0.005142708879469349,0.0051413446204448465,0.002078265207586437,1.822576281027105e-08,0.9999866248397116,/Users/arjunsharma/Documents/SandiaProjects/4-LDRDAMDIS/DIMSWE-feature-study-20260828/m1y_test2b_20260828_workspace/external-results/m1y-test2b-20260828/evaluation/representation_C_matched.json
Test 2B,C,M1-Y,Y,TRAINING_SUSTAINED_RAIN,source_Qc,,1310720,4.443788432091143e-07,0.006531761316386628,0.25069237938191574,2.090171967807911e-05,-1.4899827444999284e-08,0.9679607690205622,/Users/arjunsharma/Documents/SandiaProjects/4-LDRDAMDIS/DIMSWE-feature-study-20260828/m1y_test2b_20260828_workspace/external-results/m1y-test2b-20260828/evaluation/representation_C_matched.json
Test 2B,C,M1-Y,Y,TRAINING_SUSTAINED_RAIN,source_Qr,,1310720,1.6170168511228204e-10,0.010725414018629344,0.06207124131387218,8.168051560553385e-09,1.5910892036106028e-12,0.9980314206700939,/Users/arjunsharma/Documents/SandiaProjects/4-LDRDAMDIS/DIMSWE-feature-study-20260828/m1y_test2b_20260828_workspace/external-results/m1y-test2b-20260828/evaluation/representation_C_matched.json
Test 2B,C,M1-Y,Y,TRAINING_SUSTAINED_RAIN,source_Qv,,1310720,4.3909121595481763e-07,0.006454040423417613,0.2476836151860219,2.0439864387715287e-05,-7.522997453555134e-09,0.9687723811488562,/Users/arjunsharma/Documents/SandiaProjects/4-LDRDAMDIS/DIMSWE-feature-study-20260828/m1y_test2b_20260828_workspace/external-results/m1y-test2b-20260828/evaluation/representation_C_matched.json
Test 2B,C,M1-Y,Y,TRAINING_SUSTAINED_RAIN,source_S,,1310720,4.348713213682719e-05,0.00651836574524832,0.25015219722359716,0.002078265207586437,-2.2053922270647487e-07,0.9681551095076717,/Users/arjunsharma/Documents/SandiaProjects/4-LDRDAMDIS/DIMSWE-feature-study-20260828/m1y_test2b_20260828_workspace/external-results/m1y-test2b-20260828/evaluation/representation_C_matched.json
