run_id,physical_case,representation,objective,training_objective_history,gradient_norm_history,step_length_or_line_search_history,accepted_iterate_history,heldout_direct_history_class,heldout_direct_history_basis,heldout_training_objective_history_class,heldout_training_objective_reason,heldout_training_objective_reconstruction,intermediate_checkpoint_count,intermediate_checkpoint_iterations,history_artifact,checkpoint_path
t2a-a-m1x-canonical-100,Test 2A,A,M1-X,RECORDED_DURING_TRAINING_EVALUATION_SEQUENCE,RECORDED_DURING_TRAINING_GRADIENT_CALLBACK_SEQUENCE,TRIAL_OBJECTIVE_VALUES_RECORDED; no accepted-iteration mapping or step lengths,NOT_MAPPABLE_FROM_RECORDED_EVALUATION_SEQUENCE,NOT_AVAILABLE,No frozen historical held-out protocol; states 81..160 would constitute a new temporal-extension evaluation.,NOT_AVAILABLE,No historical held-out objective/support was defined.,A new 81..160 temporal-extension protocol and caches would be required; do not call this a reconstructed historical validation curve.,0,[],/Users/arjunsharma/Documents/SandiaProjects/4-LDRDAMDIS/DIMSWE-study-d0eb615/external-results/test2a/operator_fit_result.json,/Users/arjunsharma/Documents/SandiaProjects/4-LDRDAMDIS/DIMSWE-study-d0eb615/external-results/test2a/trained_A_parameters.npz
t2a-a-m1x-lbfgs-m10-500,Test 2A,A,M1-X,RECORDED_DURING_TRAINING_FULL_ACCEPTED_ITERATES,RECORDED_DURING_TRAINING_FULL_ACCEPTED_ITERATES,TRIAL_OBJECTIVE_VALUES_RECORDED; step lengths not recorded,FULL,NOT_AVAILABLE,No frozen historical held-out protocol; states 81..160 would constitute a new temporal-extension evaluation.,NOT_AVAILABLE,No historical held-out objective/support was defined.,A new 81..160 temporal-extension protocol and caches would be required; do not call this a reconstructed historical validation curve.,0,[],/Users/arjunsharma/Documents/SandiaProjects/4-LDRDAMDIS/DIMSWE-study-d0eb615/external-results/test2a/optimizer-study/rol_lbfgs_m10_i500.json,/Users/arjunsharma/Documents/SandiaProjects/4-LDRDAMDIS/DIMSWE-study-d0eb615/external-results/test2a/optimizer-study/rol_lbfgs_m10_i500_parameters.npz
t2a-a-m1x-lbfgs-m20-500,Test 2A,A,M1-X,RECORDED_DURING_TRAINING_FULL_ACCEPTED_ITERATES,RECORDED_DURING_TRAINING_FULL_ACCEPTED_ITERATES,TRIAL_OBJECTIVE_VALUES_RECORDED; step lengths not recorded,FULL,NOT_AVAILABLE,No frozen historical held-out protocol; states 81..160 would constitute a new temporal-extension evaluation.,NOT_AVAILABLE,No historical held-out objective/support was defined.,A new 81..160 temporal-extension protocol and caches would be required; do not call this a reconstructed historical validation curve.,0,[],/Users/arjunsharma/Documents/SandiaProjects/4-LDRDAMDIS/DIMSWE-study-d0eb615/external-results/test2a/optimizer-study/rol_lbfgs_m20_i500.json,/Users/arjunsharma/Documents/SandiaProjects/4-LDRDAMDIS/DIMSWE-study-d0eb615/external-results/test2a/optimizer-study/rol_lbfgs_m20_i500_parameters.npz
t2a-a-m1x-trust-tcg-100,Test 2A,A,M1-X,RECORDED_DURING_TRAINING_FULL_ACCEPTED_ITERATES,RECORDED_DURING_TRAINING_FULL_ACCEPTED_ITERATES,NOT_APPLICABLE_TRUST_REGION; radius/step history not recorded,FULL,NOT_AVAILABLE,No frozen historical held-out protocol; states 81..160 would constitute a new temporal-extension evaluation.,NOT_AVAILABLE,No historical held-out objective/support was defined.,A new 81..160 temporal-extension protocol and caches would be required; do not call this a reconstructed historical validation curve.,0,[],/Users/arjunsharma/Documents/SandiaProjects/4-LDRDAMDIS/DIMSWE-study-d0eb615/external-results/test2a/optimizer-study/rol_trust_region_tcg_exact_hvp_i100.json,/Users/arjunsharma/Documents/SandiaProjects/4-LDRDAMDIS/DIMSWE-study-d0eb615/external-results/test2a/optimizer-study/rol_trust_region_tcg_exact_hvp_i100_parameters.npz
t2a-a-m1x-continuation-to-2000,Test 2A,A,M1-X,RECORDED_DURING_TRAINING_FULL_ACCEPTED_ITERATES,RECORDED_DURING_TRAINING_FULL_ACCEPTED_ITERATES,NOT_RECORDED,FULL,NOT_AVAILABLE,No frozen historical held-out protocol; states 81..160 would constitute a new temporal-extension evaluation.,NOT_AVAILABLE,No historical held-out objective/support was defined.,A new 81..160 temporal-extension protocol and caches would be required; do not call this a reconstructed historical validation curve.,5,"[100,250,500,1000,1500]",/Users/arjunsharma/Documents/SandiaProjects/4-LDRDAMDIS/DIMSWE-study-d0eb615/external-results/test2a/optimizer-study/continuation-m20/continuation_progress.json,/Users/arjunsharma/Documents/SandiaProjects/4-LDRDAMDIS/DIMSWE-study-d0eb615/external-results/test2a/optimizer-study/continuation-m20/continuation_final_parameters.npz
t2a-a-m1x-continuation-to-7000,Test 2A,A,M1-X,RECORDED_DURING_TRAINING_FULL_ACCEPTED_ITERATES,RECORDED_DURING_TRAINING_FULL_ACCEPTED_ITERATES,NOT_RECORDED,FULL,NOT_AVAILABLE,No frozen historical held-out protocol; states 81..160 would constitute a new temporal-extension evaluation.,NOT_AVAILABLE,No historical held-out objective/support was defined.,A new 81..160 temporal-extension protocol and caches would be required; do not call this a reconstructed historical validation curve.,10,"[250,500,1000,2000,3000,4000,4500,4750,4900,5000]",/Users/arjunsharma/Documents/SandiaProjects/4-LDRDAMDIS/DIMSWE-study-d0eb615/external-results/test2a/optimizer-study/continuation-m20-plateau/continuation_progress.json,/Users/arjunsharma/Documents/SandiaProjects/4-LDRDAMDIS/DIMSWE-study-d0eb615/external-results/test2a/optimizer-study/continuation-m20-plateau/continuation_final_parameters.npz
t2a-a-m1x-continuation-to-52000,Test 2A,A,M1-X,RECORDED_DURING_TRAINING_FULL_ACCEPTED_ITERATES,RECORDED_DURING_TRAINING_FULL_ACCEPTED_ITERATES,NOT_RECORDED,FULL,NOT_AVAILABLE,No frozen historical held-out protocol; states 81..160 would constitute a new temporal-extension evaluation.,NOT_AVAILABLE,No historical held-out objective/support was defined.,A new 81..160 temporal-extension protocol and caches would be required; do not call this a reconstructed historical validation curve.,9,"[5000,10000,15000,20000,25000,30000,35000,40000,45000]",/Users/arjunsharma/Documents/SandiaProjects/4-LDRDAMDIS/DIMSWE-study-d0eb615/external-results/test2a/optimizer-study/continuation-m20-plus45000/continuation_progress.json,/Users/arjunsharma/Documents/SandiaProjects/4-LDRDAMDIS/DIMSWE-study-d0eb615/external-results/test2a/optimizer-study/continuation-m20-plus45000/continuation_final_parameters.npz
t2a-a-m1x-accepted,Test 2A,A,M1-X,SPARSE_RECORDED_AT_INTERMEDIATE_CHECKPOINTS,SPARSE_RECORDED_AT_INTERMEDIATE_CHECKPOINTS,NOT_RECORDED,SPARSE_CHECKPOINTS,NOT_AVAILABLE,No frozen historical held-out protocol; states 81..160 would constitute a new temporal-extension evaluation.,NOT_AVAILABLE,No historical held-out objective/support was defined.,A new 81..160 temporal-extension protocol and caches would be required; do not call this a reconstructed historical validation curve.,6,"[25000,50000,75000,100000,150000,200000]",/Users/arjunsharma/Documents/SandiaProjects/4-LDRDAMDIS/DIMSWE-study-d0eb615/external-results/test2a/fair-longfit/operator-seed0-m20-200k/fit_progress.json,/Users/arjunsharma/Documents/SandiaProjects/4-LDRDAMDIS/DIMSWE-study-d0eb615/external-results/test2a/fair-longfit/operator-seed0-m20-200k/final_parameters.npz
t2a-a-m2x-independent-accepted,Test 2A,A,M2-X,SPARSE_RECORDED_AT_INTERMEDIATE_CHECKPOINTS,SPARSE_RECORDED_AT_INTERMEDIATE_CHECKPOINTS,NOT_RECORDED,SPARSE_CHECKPOINTS,NOT_AVAILABLE,No frozen historical held-out protocol; states 81..160 would constitute a new temporal-extension evaluation.,NOT_AVAILABLE,No historical held-out objective/support was defined.,A new 81..160 temporal-extension protocol and caches would be required; do not call this a reconstructed historical validation curve.,6,"[25000,50000,75000,100000,150000,200000]",/Users/arjunsharma/Documents/SandiaProjects/4-LDRDAMDIS/DIMSWE-study-d0eb615/external-results/test2a/fair-longfit/discrete-seed0-m20-200k/fit_progress.json,/Users/arjunsharma/Documents/SandiaProjects/4-LDRDAMDIS/DIMSWE-study-d0eb615/external-results/test2a/fair-longfit/discrete-seed0-m20-200k/final_parameters.npz
t2a-a-m2x-independent-50k-aux,Test 2A,A,M2-X,FINAL_ONLY,FINAL_ONLY_OR_NOT_RECORDED,NOT_RECORDED,FINAL_ONLY,NOT_AVAILABLE,No frozen historical held-out protocol; states 81..160 would constitute a new temporal-extension evaluation.,NOT_AVAILABLE,No historical held-out objective/support was defined.,A new 81..160 temporal-extension protocol and caches would be required; do not call this a reconstructed historical validation curve.,0,[],/Users/arjunsharma/Documents/SandiaProjects/4-LDRDAMDIS/DIMSWE-study-d0eb615/external-results/test2a/deployed-discrete-offline/direct-fit-50k-rerun/fit_result.json,/Users/arjunsharma/Documents/SandiaProjects/4-LDRDAMDIS/DIMSWE-study-d0eb615/external-results/test2a/deployed-discrete-offline/direct-fit-50k-rerun/final_parameters.npz
t2a-a-m2x-warm,Test 2A,A,M2-X,SPARSE_RECORDED_AT_INTERMEDIATE_CHECKPOINTS,SPARSE_RECORDED_AT_INTERMEDIATE_CHECKPOINTS,NOT_RECORDED,SPARSE_CHECKPOINTS,NOT_AVAILABLE,No frozen historical held-out protocol; states 81..160 would constitute a new temporal-extension evaluation.,NOT_AVAILABLE,No historical held-out objective/support was defined.,A new 81..160 temporal-extension protocol and caches would be required; do not call this a reconstructed historical validation curve.,6,"[0,1000,5000,10000,25000,50000]",/Users/arjunsharma/Documents/SandiaProjects/4-LDRDAMDIS/DIMSWE-study-d0eb615/external-results/test2a/m1-to-m2-finetune/operator-200k-to-discrete-m20-50k/fit_progress.json,/Users/arjunsharma/Documents/SandiaProjects/4-LDRDAMDIS/DIMSWE-study-d0eb615/external-results/test2a/m1-to-m2-finetune/operator-200k-to-discrete-m20-50k/final_parameters.npz
t2a-a-h1,Test 2A,A,H1,SPARSE_RECORDED_AT_INTERMEDIATE_CHECKPOINTS,SPARSE_RECORDED_AT_INTERMEDIATE_CHECKPOINTS,NOT_RECORDED,SPARSE_CHECKPOINTS,NOT_AVAILABLE,No frozen historical held-out protocol; states 81..160 would constitute a new temporal-extension evaluation.,NOT_AVAILABLE,No historical held-out objective/support was defined.,A new 81..160 temporal-extension protocol and caches would be required; do not call this a reconstructed historical validation curve.,8,"[0,100,500,1000,5000,10000,25000,50000]",/Users/arjunsharma/Documents/SandiaProjects/4-LDRDAMDIS/DIMSWE-study-d0eb615/external-results/test2a/horizon-curriculum-h1-h2-h5/h1-from-m1-200k/fit_progress.json,/Users/arjunsharma/Documents/SandiaProjects/4-LDRDAMDIS/DIMSWE-study-d0eb615/external-results/test2a/horizon-curriculum-h1-h2-h5/h1-from-m1-200k/final_parameters.npz
t2a-a-h2,Test 2A,A,H2,SPARSE_RECORDED_AT_INTERMEDIATE_CHECKPOINTS,SPARSE_RECORDED_AT_INTERMEDIATE_CHECKPOINTS,NOT_RECORDED,SPARSE_CHECKPOINTS,NOT_AVAILABLE,No frozen historical held-out protocol; states 81..160 would constitute a new temporal-extension evaluation.,NOT_AVAILABLE,No historical held-out objective/support was defined.,A new 81..160 temporal-extension protocol and caches would be required; do not call this a reconstructed historical validation curve.,7,"[0,5,10,25,50,75,100]",/Users/arjunsharma/Documents/SandiaProjects/4-LDRDAMDIS/DIMSWE-study-d0eb615/external-results/test2a/horizon-curriculum-h1-h2-h5/h2-from-h1/fit_progress.json,/Users/arjunsharma/Documents/SandiaProjects/4-LDRDAMDIS/DIMSWE-study-d0eb615/external-results/test2a/horizon-curriculum-h1-h2-h5/h2-from-h1/final_parameters.npz
t2a-a-h5,Test 2A,A,H5,SPARSE_RECORDED_AT_INTERMEDIATE_CHECKPOINTS,SPARSE_RECORDED_AT_INTERMEDIATE_CHECKPOINTS,NOT_RECORDED,SPARSE_CHECKPOINTS,NOT_AVAILABLE,No frozen historical held-out protocol; states 81..160 would constitute a new temporal-extension evaluation.,NOT_AVAILABLE,No historical held-out objective/support was defined.,A new 81..160 temporal-extension protocol and caches would be required; do not call this a reconstructed historical validation curve.,7,"[0,5,10,25,50,75,100]",/Users/arjunsharma/Documents/SandiaProjects/4-LDRDAMDIS/DIMSWE-study-d0eb615/external-results/test2a/horizon-curriculum-h1-h2-h5/h5-from-h2/fit_progress.json,/Users/arjunsharma/Documents/SandiaProjects/4-LDRDAMDIS/DIMSWE-study-d0eb615/external-results/test2a/horizon-curriculum-h1-h2-h5/h5-from-h2/final_parameters.npz
t2a-a-m2x-warm-nonscientific-smoke-20,Test 2A,A,M2-X,FINAL_ONLY_INITIAL_AND_FINAL,NOT_RECORDED,NOT_RECORDED,FINAL_ONLY,NOT_AVAILABLE,No frozen historical held-out protocol; states 81..160 would constitute a new temporal-extension evaluation.,NOT_AVAILABLE,No historical held-out objective/support was defined.,A new 81..160 temporal-extension protocol and caches would be required; do not call this a reconstructed historical validation curve.,0,[],/Users/arjunsharma/Documents/SandiaProjects/4-LDRDAMDIS/DIMSWE-study-d0eb615/external-results/test2a/m1-to-m2-finetune/nonscientific-smoke/smoke_result.json,/Users/arjunsharma/Documents/SandiaProjects/4-LDRDAMDIS/DIMSWE-study-d0eb615/external-results/test2a/m1-to-m2-finetune/nonscientific-smoke/smoke_final_parameters.npz
t2a-a-h1-nonscientific-smoke-2,Test 2A,A,H1,FINAL_ONLY_INITIAL_AND_FINAL,NOT_RECORDED,NOT_RECORDED,FINAL_ONLY,NOT_AVAILABLE,No frozen historical held-out protocol; states 81..160 would constitute a new temporal-extension evaluation.,NOT_AVAILABLE,No historical held-out objective/support was defined.,A new 81..160 temporal-extension protocol and caches would be required; do not call this a reconstructed historical validation curve.,0,[],/Users/arjunsharma/Documents/SandiaProjects/4-LDRDAMDIS/DIMSWE-study-d0eb615/external-results/test2a/horizon-curriculum-h1-h2-h5/nonscientific-smokes/prelaunch-two-iterations/smoke_results.json,/Users/arjunsharma/Documents/SandiaProjects/4-LDRDAMDIS/DIMSWE-study-d0eb615/external-results/test2a/horizon-curriculum-h1-h2-h5/nonscientific-smokes/prelaunch-two-iterations/H1_final_parameters.npz
t2a-a-h2-nonscientific-smoke-2,Test 2A,A,H2,FINAL_ONLY_INITIAL_AND_FINAL,NOT_RECORDED,NOT_RECORDED,FINAL_ONLY,NOT_AVAILABLE,No frozen historical held-out protocol; states 81..160 would constitute a new temporal-extension evaluation.,NOT_AVAILABLE,No historical held-out objective/support was defined.,A new 81..160 temporal-extension protocol and caches would be required; do not call this a reconstructed historical validation curve.,0,[],/Users/arjunsharma/Documents/SandiaProjects/4-LDRDAMDIS/DIMSWE-study-d0eb615/external-results/test2a/horizon-curriculum-h1-h2-h5/nonscientific-smokes/prelaunch-two-iterations/smoke_results.json,/Users/arjunsharma/Documents/SandiaProjects/4-LDRDAMDIS/DIMSWE-study-d0eb615/external-results/test2a/horizon-curriculum-h1-h2-h5/nonscientific-smokes/prelaunch-two-iterations/H2_final_parameters.npz
t2a-a-h5-nonscientific-smoke-2,Test 2A,A,H5,FINAL_ONLY_INITIAL_AND_FINAL,NOT_RECORDED,NOT_RECORDED,FINAL_ONLY,NOT_AVAILABLE,No frozen historical held-out protocol; states 81..160 would constitute a new temporal-extension evaluation.,NOT_AVAILABLE,No historical held-out objective/support was defined.,A new 81..160 temporal-extension protocol and caches would be required; do not call this a reconstructed historical validation curve.,0,[],/Users/arjunsharma/Documents/SandiaProjects/4-LDRDAMDIS/DIMSWE-study-d0eb615/external-results/test2a/horizon-curriculum-h1-h2-h5/nonscientific-smokes/prelaunch-two-iterations/smoke_results.json,/Users/arjunsharma/Documents/SandiaProjects/4-LDRDAMDIS/DIMSWE-study-d0eb615/external-results/test2a/horizon-curriculum-h1-h2-h5/nonscientific-smokes/prelaunch-two-iterations/H5_final_parameters.npz
t2a-a-fiml-direct-h2,Test 2A,A,FIML-direct-H2,RECONSTRUCTABLE_FROM_INTERMEDIATE_CHECKPOINTS,NOT_RECORDED,NOT_RECORDED,SPARSE_CHECKPOINTS,NOT_AVAILABLE,No frozen historical held-out protocol; states 81..160 would constitute a new temporal-extension evaluation.,NOT_AVAILABLE,No historical held-out objective/support was defined.,A new 81..160 temporal-extension protocol and caches would be required; do not call this a reconstructed historical validation curve.,8,"[0,1,2,5,10,25,50,100]",/Users/arjunsharma/Documents/SandiaProjects/4-LDRDAMDIS/DIMSWE-study-d0eb615/external-results/test2a/fiml-sparse-endpoint-h2-h5/direct-endpoint-h2/fit_progress.json,/Users/arjunsharma/Documents/SandiaProjects/4-LDRDAMDIS/DIMSWE-study-d0eb615/external-results/test2a/fiml-sparse-endpoint-h2-h5/direct-endpoint-h2/final_parameters.npz
t2a-a-fiml-direct-h5,Test 2A,A,FIML-direct-H5,RECONSTRUCTABLE_FROM_INTERMEDIATE_CHECKPOINTS,NOT_RECORDED,NOT_RECORDED,SPARSE_CHECKPOINTS,NOT_AVAILABLE,No frozen historical held-out protocol; states 81..160 would constitute a new temporal-extension evaluation.,NOT_AVAILABLE,No historical held-out objective/support was defined.,A new 81..160 temporal-extension protocol and caches would be required; do not call this a reconstructed historical validation curve.,8,"[0,1,2,5,10,25,50,100]",/Users/arjunsharma/Documents/SandiaProjects/4-LDRDAMDIS/DIMSWE-study-d0eb615/external-results/test2a/fiml-sparse-endpoint-h2-h5/direct-endpoint-h5/fit_progress.json,/Users/arjunsharma/Documents/SandiaProjects/4-LDRDAMDIS/DIMSWE-study-d0eb615/external-results/test2a/fiml-sparse-endpoint-h2-h5/direct-endpoint-h5/final_parameters.npz
t2a-a-fiml-pseudo-h2,Test 2A,A,FIML-pseudo-H2,RECONSTRUCTABLE_FROM_INTERMEDIATE_CHECKPOINTS,NOT_RECORDED,NOT_RECORDED,SPARSE_CHECKPOINTS,NOT_AVAILABLE,No frozen historical held-out protocol; states 81..160 would constitute a new temporal-extension evaluation.,NOT_AVAILABLE,No historical held-out objective/support was defined.,A new 81..160 temporal-extension protocol and caches would be required; do not call this a reconstructed historical validation curve.,15,"[0,1,2,5,10,25,50,100,250,500,1000,5000,10000,25000,50000]",/Users/arjunsharma/Documents/SandiaProjects/4-LDRDAMDIS/DIMSWE-study-d0eb615/external-results/test2a/fiml-sparse-endpoint-h2-h5/stage2/h2/fit_progress.json,/Users/arjunsharma/Documents/SandiaProjects/4-LDRDAMDIS/DIMSWE-study-d0eb615/external-results/test2a/fiml-sparse-endpoint-h2-h5/stage2/h2/final_parameters.npz
t2a-a-fiml-pseudo-h5,Test 2A,A,FIML-pseudo-H5,RECONSTRUCTABLE_FROM_INTERMEDIATE_CHECKPOINTS,NOT_RECORDED,NOT_RECORDED,SPARSE_CHECKPOINTS,NOT_AVAILABLE,No frozen historical held-out protocol; states 81..160 would constitute a new temporal-extension evaluation.,NOT_AVAILABLE,No historical held-out objective/support was defined.,A new 81..160 temporal-extension protocol and caches would be required; do not call this a reconstructed historical validation curve.,15,"[0,1,2,5,10,25,50,100,250,500,1000,5000,10000,25000,50000]",/Users/arjunsharma/Documents/SandiaProjects/4-LDRDAMDIS/DIMSWE-study-d0eb615/external-results/test2a/fiml-sparse-endpoint-h2-h5/stage2/h5/fit_progress.json,/Users/arjunsharma/Documents/SandiaProjects/4-LDRDAMDIS/DIMSWE-study-d0eb615/external-results/test2a/fiml-sparse-endpoint-h2-h5/stage2/h5/final_parameters.npz
t2a-a-fiml-smoke-fresh-h2-direct-h2,Test 2A,A,FIML-direct-H2,FINAL_ONLY_INITIAL_AND_FINAL,NOT_RECORDED,NOT_RECORDED,FINAL_ONLY,NOT_AVAILABLE,No frozen historical held-out protocol; states 81..160 would constitute a new temporal-extension evaluation.,NOT_AVAILABLE,No historical held-out objective/support was defined.,A new 81..160 temporal-extension protocol and caches would be required; do not call this a reconstructed historical validation curve.,0,[],/Users/arjunsharma/Documents/SandiaProjects/4-LDRDAMDIS/DIMSWE-study-d0eb615/external-results/test2a/fiml-sparse-endpoint-h2-h5/benchmarks/H2-fresh/benchmark_and_smokes.json,/Users/arjunsharma/Documents/SandiaProjects/4-LDRDAMDIS/DIMSWE-study-d0eb615/external-results/test2a/fiml-sparse-endpoint-h2-h5/benchmarks/H2-fresh/direct_H2_smoke_parameters.npz
t2a-a-fiml-smoke-fresh-h2-stage2-h2,Test 2A,A,FIML-pseudo-H2,FINAL_ONLY_INITIAL_AND_FINAL,NOT_RECORDED,NOT_RECORDED,FINAL_ONLY,NOT_AVAILABLE,No frozen historical held-out protocol; states 81..160 would constitute a new temporal-extension evaluation.,NOT_AVAILABLE,No historical held-out objective/support was defined.,A new 81..160 temporal-extension protocol and caches would be required; do not call this a reconstructed historical validation curve.,0,[],/Users/arjunsharma/Documents/SandiaProjects/4-LDRDAMDIS/DIMSWE-study-d0eb615/external-results/test2a/fiml-sparse-endpoint-h2-h5/benchmarks/H2-fresh/benchmark_and_smokes.json,/Users/arjunsharma/Documents/SandiaProjects/4-LDRDAMDIS/DIMSWE-study-d0eb615/external-results/test2a/fiml-sparse-endpoint-h2-h5/benchmarks/H2-fresh/stage2_H2_smoke_parameters.npz
t2a-a-fiml-smoke-fresh-h5-direct-h5,Test 2A,A,FIML-direct-H5,FINAL_ONLY_INITIAL_AND_FINAL,NOT_RECORDED,NOT_RECORDED,FINAL_ONLY,NOT_AVAILABLE,No frozen historical held-out protocol; states 81..160 would constitute a new temporal-extension evaluation.,NOT_AVAILABLE,No historical held-out objective/support was defined.,A new 81..160 temporal-extension protocol and caches would be required; do not call this a reconstructed historical validation curve.,0,[],/Users/arjunsharma/Documents/SandiaProjects/4-LDRDAMDIS/DIMSWE-study-d0eb615/external-results/test2a/fiml-sparse-endpoint-h2-h5/benchmarks/H5-fresh/benchmark_and_smokes.json,/Users/arjunsharma/Documents/SandiaProjects/4-LDRDAMDIS/DIMSWE-study-d0eb615/external-results/test2a/fiml-sparse-endpoint-h2-h5/benchmarks/H5-fresh/direct_H5_smoke_parameters.npz
t2a-a-fiml-smoke-fresh-h5-stage2-h5,Test 2A,A,FIML-pseudo-H5,FINAL_ONLY_INITIAL_AND_FINAL,NOT_RECORDED,NOT_RECORDED,FINAL_ONLY,NOT_AVAILABLE,No frozen historical held-out protocol; states 81..160 would constitute a new temporal-extension evaluation.,NOT_AVAILABLE,No historical held-out objective/support was defined.,A new 81..160 temporal-extension protocol and caches would be required; do not call this a reconstructed historical validation curve.,0,[],/Users/arjunsharma/Documents/SandiaProjects/4-LDRDAMDIS/DIMSWE-study-d0eb615/external-results/test2a/fiml-sparse-endpoint-h2-h5/benchmarks/H5-fresh/benchmark_and_smokes.json,/Users/arjunsharma/Documents/SandiaProjects/4-LDRDAMDIS/DIMSWE-study-d0eb615/external-results/test2a/fiml-sparse-endpoint-h2-h5/benchmarks/H5-fresh/stage2_H5_smoke_parameters.npz
t2a-a-fiml-smoke-superseded-h2-same-tape-direct-h2,Test 2A,A,FIML-direct-H2,FINAL_ONLY_INITIAL_AND_FINAL,NOT_RECORDED,NOT_RECORDED,FINAL_ONLY,NOT_AVAILABLE,No frozen historical held-out protocol; states 81..160 would constitute a new temporal-extension evaluation.,NOT_AVAILABLE,No historical held-out objective/support was defined.,A new 81..160 temporal-extension protocol and caches would be required; do not call this a reconstructed historical validation curve.,0,[],/Users/arjunsharma/Documents/SandiaProjects/4-LDRDAMDIS/DIMSWE-study-d0eb615/external-results/test2a/fiml-sparse-endpoint-h2-h5/preparation/superseded-benchmarks/H2-same-tape-timing/benchmark_and_smokes.json,/Users/arjunsharma/Documents/SandiaProjects/4-LDRDAMDIS/DIMSWE-study-d0eb615/external-results/test2a/fiml-sparse-endpoint-h2-h5/preparation/superseded-benchmarks/H2-same-tape-timing/direct_H2_smoke_parameters.npz
t2a-a-fiml-smoke-superseded-h2-same-tape-stage2-h2,Test 2A,A,FIML-pseudo-H2,FINAL_ONLY_INITIAL_AND_FINAL,NOT_RECORDED,NOT_RECORDED,FINAL_ONLY,NOT_AVAILABLE,No frozen historical held-out protocol; states 81..160 would constitute a new temporal-extension evaluation.,NOT_AVAILABLE,No historical held-out objective/support was defined.,A new 81..160 temporal-extension protocol and caches would be required; do not call this a reconstructed historical validation curve.,0,[],/Users/arjunsharma/Documents/SandiaProjects/4-LDRDAMDIS/DIMSWE-study-d0eb615/external-results/test2a/fiml-sparse-endpoint-h2-h5/preparation/superseded-benchmarks/H2-same-tape-timing/benchmark_and_smokes.json,/Users/arjunsharma/Documents/SandiaProjects/4-LDRDAMDIS/DIMSWE-study-d0eb615/external-results/test2a/fiml-sparse-endpoint-h2-h5/preparation/superseded-benchmarks/H2-same-tape-timing/stage2_H2_smoke_parameters.npz
t2a-a-fiml-smoke-superseded-combined-memory-aborted-direct-h2,Test 2A,A,FIML-direct-H2,FINAL_ONLY_INITIAL_AND_FINAL,NOT_RECORDED,NOT_RECORDED,FINAL_ONLY,NOT_AVAILABLE,No frozen historical held-out protocol; states 81..160 would constitute a new temporal-extension evaluation.,NOT_AVAILABLE,No historical held-out objective/support was defined.,A new 81..160 temporal-extension protocol and caches would be required; do not call this a reconstructed historical validation curve.,0,[],/Users/arjunsharma/Documents/SandiaProjects/4-LDRDAMDIS/DIMSWE-study-d0eb615/external-results/test2a/fiml-sparse-endpoint-h2-h5/preparation/superseded-benchmarks/combined-process-memory-aborted/benchmark_and_smokes.json,/Users/arjunsharma/Documents/SandiaProjects/4-LDRDAMDIS/DIMSWE-study-d0eb615/external-results/test2a/fiml-sparse-endpoint-h2-h5/preparation/superseded-benchmarks/combined-process-memory-aborted/direct_H2_smoke_parameters.npz
t2a-a-fiml-smoke-superseded-combined-memory-aborted-direct-h5,Test 2A,A,FIML-direct-H5,FINAL_ONLY_INITIAL_AND_FINAL,NOT_RECORDED,NOT_RECORDED,FINAL_ONLY,NOT_AVAILABLE,No frozen historical held-out protocol; states 81..160 would constitute a new temporal-extension evaluation.,NOT_AVAILABLE,No historical held-out objective/support was defined.,A new 81..160 temporal-extension protocol and caches would be required; do not call this a reconstructed historical validation curve.,0,[],/Users/arjunsharma/Documents/SandiaProjects/4-LDRDAMDIS/DIMSWE-study-d0eb615/external-results/test2a/fiml-sparse-endpoint-h2-h5/preparation/superseded-benchmarks/combined-process-memory-aborted/benchmark_and_smokes.json,/Users/arjunsharma/Documents/SandiaProjects/4-LDRDAMDIS/DIMSWE-study-d0eb615/external-results/test2a/fiml-sparse-endpoint-h2-h5/preparation/superseded-benchmarks/combined-process-memory-aborted/direct_H5_smoke_parameters.npz
t2a-a-fiml-smoke-superseded-combined-memory-aborted-stage2-h2,Test 2A,A,FIML-pseudo-H2,FINAL_ONLY_INITIAL_AND_FINAL,NOT_RECORDED,NOT_RECORDED,FINAL_ONLY,NOT_AVAILABLE,No frozen historical held-out protocol; states 81..160 would constitute a new temporal-extension evaluation.,NOT_AVAILABLE,No historical held-out objective/support was defined.,A new 81..160 temporal-extension protocol and caches would be required; do not call this a reconstructed historical validation curve.,0,[],/Users/arjunsharma/Documents/SandiaProjects/4-LDRDAMDIS/DIMSWE-study-d0eb615/external-results/test2a/fiml-sparse-endpoint-h2-h5/preparation/superseded-benchmarks/combined-process-memory-aborted/benchmark_and_smokes.json,/Users/arjunsharma/Documents/SandiaProjects/4-LDRDAMDIS/DIMSWE-study-d0eb615/external-results/test2a/fiml-sparse-endpoint-h2-h5/preparation/superseded-benchmarks/combined-process-memory-aborted/stage2_H2_smoke_parameters.npz
t2a-a-fiml-smoke-superseded-combined-memory-aborted-stage2-h5,Test 2A,A,FIML-pseudo-H5,FINAL_ONLY_INITIAL_AND_FINAL,NOT_RECORDED,NOT_RECORDED,FINAL_ONLY,NOT_AVAILABLE,No frozen historical held-out protocol; states 81..160 would constitute a new temporal-extension evaluation.,NOT_AVAILABLE,No historical held-out objective/support was defined.,A new 81..160 temporal-extension protocol and caches would be required; do not call this a reconstructed historical validation curve.,0,[],/Users/arjunsharma/Documents/SandiaProjects/4-LDRDAMDIS/DIMSWE-study-d0eb615/external-results/test2a/fiml-sparse-endpoint-h2-h5/preparation/superseded-benchmarks/combined-process-memory-aborted/benchmark_and_smokes.json,/Users/arjunsharma/Documents/SandiaProjects/4-LDRDAMDIS/DIMSWE-study-d0eb615/external-results/test2a/fiml-sparse-endpoint-h2-h5/preparation/superseded-benchmarks/combined-process-memory-aborted/stage2_H5_smoke_parameters.npz
t2a-c-m1x,Test 2A,C,M1-X,SPARSE_RECORDED_AT_INTERMEDIATE_CHECKPOINTS,NOT_RECORDED,NOT_RECORDED,SPARSE_CHECKPOINTS,NOT_AVAILABLE,No frozen historical held-out protocol; states 81..160 would constitute a new temporal-extension evaluation.,NOT_AVAILABLE,No historical held-out objective/support was defined.,A new 81..160 temporal-extension protocol and caches would be required; do not call this a reconstructed historical validation curve.,15,"[0,10,25,50,75,100,500,1000,5000,10000,25000,50000,100000,150000,200000]",/Users/arjunsharma/Documents/SandiaProjects/4-LDRDAMDIS/DIMSWE-study-d0eb615/external-results/test2a/problem-b/production/m1-seed0-m20-200k/fit_progress.json,/Users/arjunsharma/Documents/SandiaProjects/4-LDRDAMDIS/DIMSWE-study-d0eb615/external-results/test2a/problem-b/production/m1-seed0-m20-200k/final_parameters.npz
t2a-c-m2x-independent,Test 2A,C,M2-X,SPARSE_RECORDED_AT_INTERMEDIATE_CHECKPOINTS,NOT_RECORDED,NOT_RECORDED,SPARSE_CHECKPOINTS,NOT_AVAILABLE,No frozen historical held-out protocol; states 81..160 would constitute a new temporal-extension evaluation.,NOT_AVAILABLE,No historical held-out objective/support was defined.,A new 81..160 temporal-extension protocol and caches would be required; do not call this a reconstructed historical validation curve.,15,"[0,10,25,50,75,100,500,1000,5000,10000,25000,50000,100000,150000,200000]",/Users/arjunsharma/Documents/SandiaProjects/4-LDRDAMDIS/DIMSWE-study-d0eb615/external-results/test2a/problem-b/production/m2x-seed0-m20-200k/fit_progress.json,/Users/arjunsharma/Documents/SandiaProjects/4-LDRDAMDIS/DIMSWE-study-d0eb615/external-results/test2a/problem-b/production/m2x-seed0-m20-200k/final_parameters.npz
t2a-c-m2x-warm,Test 2A,C,M2-X,SPARSE_RECORDED_AT_INTERMEDIATE_CHECKPOINTS,NOT_RECORDED,NOT_RECORDED,SPARSE_CHECKPOINTS,NOT_AVAILABLE,No frozen historical held-out protocol; states 81..160 would constitute a new temporal-extension evaluation.,NOT_AVAILABLE,No historical held-out objective/support was defined.,A new 81..160 temporal-extension protocol and caches would be required; do not call this a reconstructed historical validation curve.,12,"[0,10,25,50,75,100,500,1000,5000,10000,25000,50000]",/Users/arjunsharma/Documents/SandiaProjects/4-LDRDAMDIS/DIMSWE-study-d0eb615/external-results/test2a/problem-b/production/m1-to-m2x-m20-50k/fit_progress.json,/Users/arjunsharma/Documents/SandiaProjects/4-LDRDAMDIS/DIMSWE-study-d0eb615/external-results/test2a/problem-b/production/m1-to-m2x-m20-50k/final_parameters.npz
t2a-c-h1,Test 2A,C,H1,SPARSE_RECORDED_AT_INTERMEDIATE_CHECKPOINTS,NOT_RECORDED,NOT_RECORDED,SPARSE_CHECKPOINTS,NOT_AVAILABLE,No frozen historical held-out protocol; states 81..160 would constitute a new temporal-extension evaluation.,NOT_AVAILABLE,No historical held-out objective/support was defined.,A new 81..160 temporal-extension protocol and caches would be required; do not call this a reconstructed historical validation curve.,12,"[0,10,25,50,75,100,500,1000,5000,10000,25000,50000]",/Users/arjunsharma/Documents/SandiaProjects/4-LDRDAMDIS/DIMSWE-study-d0eb615/external-results/test2a/problem-b/production/h1-from-m1/fit_progress.json,/Users/arjunsharma/Documents/SandiaProjects/4-LDRDAMDIS/DIMSWE-study-d0eb615/external-results/test2a/problem-b/production/h1-from-m1/final_parameters.npz
t2a-c-h2,Test 2A,C,H2,SPARSE_RECORDED_AT_INTERMEDIATE_CHECKPOINTS,NOT_RECORDED,NOT_RECORDED,SPARSE_CHECKPOINTS,NOT_AVAILABLE,No frozen historical held-out protocol; states 81..160 would constitute a new temporal-extension evaluation.,NOT_AVAILABLE,No historical held-out objective/support was defined.,A new 81..160 temporal-extension protocol and caches would be required; do not call this a reconstructed historical validation curve.,6,"[0,10,25,50,75,100]",/Users/arjunsharma/Documents/SandiaProjects/4-LDRDAMDIS/DIMSWE-study-d0eb615/external-results/test2a/problem-b/production/h2-from-h1/fit_progress.json,/Users/arjunsharma/Documents/SandiaProjects/4-LDRDAMDIS/DIMSWE-study-d0eb615/external-results/test2a/problem-b/production/h2-from-h1/final_parameters.npz
t2a-c-h5,Test 2A,C,H5,SPARSE_RECORDED_AT_INTERMEDIATE_CHECKPOINTS,NOT_RECORDED,NOT_RECORDED,SPARSE_CHECKPOINTS,NOT_AVAILABLE,No frozen historical held-out protocol; states 81..160 would constitute a new temporal-extension evaluation.,NOT_AVAILABLE,No historical held-out objective/support was defined.,A new 81..160 temporal-extension protocol and caches would be required; do not call this a reconstructed historical validation curve.,6,"[0,10,25,50,75,100]",/Users/arjunsharma/Documents/SandiaProjects/4-LDRDAMDIS/DIMSWE-study-d0eb615/external-results/test2a/problem-b/production/h5-from-h2/fit_progress.json,/Users/arjunsharma/Documents/SandiaProjects/4-LDRDAMDIS/DIMSWE-study-d0eb615/external-results/test2a/problem-b/production/h5-from-h2/final_parameters.npz
t2b-a-m1x,Test 2B,A,M1-X,RECONSTRUCTABLE_FROM_INTERMEDIATE_CHECKPOINTS,NOT_RECORDED,NOT_RECORDED,SPARSE_CHECKPOINTS,RECONSTRUCTABLE_FROM_INTERMEDIATE_CHECKPOINTS,Direct Y-state held-out learned-quantity curves: CHEAP from saved Y arrays. Direct X-state curves: MODERATE one-time read-only X array extraction. Objective-specific feasibility is recorded separately.,RECONSTRUCTABLE_FROM_INTERMEDIATE_CHECKPOINTS,Pure network inference on fixed local arrays.,"Y support is already cached (CHEAP); X training is cached and held-out X needs one read-only extraction pass (MODERATE, no time integration).",10,"[0,1,5,10,20,100,500,1000,5000,10000]",/Users/arjunsharma/Documents/SandiaProjects/4-LDRDAMDIS/DIMSWE-study-d0eb615/external-results/test2b-rain-active-learning/production/representation-A/m1-seed0-m20-10k/fit_progress.json,/Users/arjunsharma/Documents/SandiaProjects/4-LDRDAMDIS/DIMSWE-study-d0eb615/external-results/test2b-rain-active-learning/production/representation-A/m1-seed0-m20-10k/final_parameters.npz
t2b-a-m2x-independent,Test 2B,A,M2-X,RECONSTRUCTABLE_FROM_INTERMEDIATE_CHECKPOINTS,NOT_RECORDED,NOT_RECORDED,SPARSE_CHECKPOINTS,RECONSTRUCTABLE_FROM_INTERMEDIATE_CHECKPOINTS,Direct Y-state held-out learned-quantity curves: CHEAP from saved Y arrays. Direct X-state curves: MODERATE one-time read-only X array extraction. Objective-specific feasibility is recorded separately.,RECONSTRUCTABLE_FROM_INTERMEDIATE_CHECKPOINTS,No held-out M2-X state-map cache/denominator was found.,"Define the held-out analogue with the training denominator convention, prepare held-out X features/rates, and evaluate the fixed source-to-state map; one-time Firedrake data extraction, no recursive rollout (MODERATE). This is post-hoc, not a historically recorded validation protocol.",10,"[0,1,5,10,20,100,500,1000,5000,10000]",/Users/arjunsharma/Documents/SandiaProjects/4-LDRDAMDIS/DIMSWE-study-d0eb615/external-results/test2b-rain-active-learning/production/representation-A/m2x-seed0-m20-10k/fit_progress.json,/Users/arjunsharma/Documents/SandiaProjects/4-LDRDAMDIS/DIMSWE-study-d0eb615/external-results/test2b-rain-active-learning/production/representation-A/m2x-seed0-m20-10k/final_parameters.npz
t2b-a-m2x-warm,Test 2B,A,M2-X,RECONSTRUCTABLE_FROM_INTERMEDIATE_CHECKPOINTS,NOT_RECORDED,NOT_RECORDED,SPARSE_CHECKPOINTS,RECONSTRUCTABLE_FROM_INTERMEDIATE_CHECKPOINTS,Direct Y-state held-out learned-quantity curves: CHEAP from saved Y arrays. Direct X-state curves: MODERATE one-time read-only X array extraction. Objective-specific feasibility is recorded separately.,RECONSTRUCTABLE_FROM_INTERMEDIATE_CHECKPOINTS,No held-out M2-X state-map cache/denominator was found.,"Define the held-out analogue with the training denominator convention, prepare held-out X features/rates, and evaluate the fixed source-to-state map; one-time Firedrake data extraction, no recursive rollout (MODERATE). This is post-hoc, not a historically recorded validation protocol.",9,"[0,1,5,10,20,100,500,1000,5000]",/Users/arjunsharma/Documents/SandiaProjects/4-LDRDAMDIS/DIMSWE-study-d0eb615/external-results/test2b-rain-active-learning/production/representation-A/m1-to-m2x-m20-5k/fit_progress.json,/Users/arjunsharma/Documents/SandiaProjects/4-LDRDAMDIS/DIMSWE-study-d0eb615/external-results/test2b-rain-active-learning/production/representation-A/m1-to-m2x-m20-5k/final_parameters.npz
t2b-a-h1,Test 2B,A,H1,RECONSTRUCTABLE_FROM_INTERMEDIATE_CHECKPOINTS,NOT_RECORDED,NOT_RECORDED,SPARSE_CHECKPOINTS,RECONSTRUCTABLE_FROM_INTERMEDIATE_CHECKPOINTS,Direct Y-state held-out learned-quantity curves: CHEAP from saved Y arrays. Direct X-state curves: MODERATE one-time read-only X array extraction. Objective-specific feasibility is recorded separately.,RECONSTRUCTABLE_FROM_INTERMEDIATE_CHECKPOINTS,Fixed Y features/A/R and mesh mapping suffice once the held-out normalization convention is frozen.,Existing held-out Y arrays plus historical fixed matrices; pure offline inference/map application (CHEAP-to-MODERATE).,9,"[0,1,5,10,20,100,500,1000,5000]",/Users/arjunsharma/Documents/SandiaProjects/4-LDRDAMDIS/DIMSWE-study-d0eb615/external-results/test2b-rain-active-learning/production/representation-A/h1-from-m1-m20-5k/fit_progress.json,/Users/arjunsharma/Documents/SandiaProjects/4-LDRDAMDIS/DIMSWE-study-d0eb615/external-results/test2b-rain-active-learning/production/representation-A/h1-from-m1-m20-5k/final_parameters.npz
t2b-a-h2,Test 2B,A,H2,RECONSTRUCTABLE_FROM_INTERMEDIATE_CHECKPOINTS,NOT_RECORDED,NOT_RECORDED,SPARSE_CHECKPOINTS,RECONSTRUCTABLE_FROM_INTERMEDIATE_CHECKPOINTS,Direct Y-state held-out learned-quantity curves: CHEAP from saved Y arrays. Direct X-state curves: MODERATE one-time read-only X array extraction. Objective-specific feasibility is recorded separately.,RECONSTRUCTABLE_FROM_INTERMEDIATE_CHECKPOINTS,No held-out recursive-objective history or cached held-out rollout tape was found.,"Define held-out windows/denominator by the training convention, then run the DIMSWE prefix and recursive horizon-2 rollout for every checkpoint (EXPENSIVE as a curve). This is feasible without retraining but is post-hoc, not historically recorded validation.",5,"[0,1,5,10,20]",/Users/arjunsharma/Documents/SandiaProjects/4-LDRDAMDIS/DIMSWE-study-d0eb615/external-results/test2b-rain-active-learning/production/representation-A/h2-from-h1-m20-20/fit_progress.json,/Users/arjunsharma/Documents/SandiaProjects/4-LDRDAMDIS/DIMSWE-study-d0eb615/external-results/test2b-rain-active-learning/production/representation-A/h2-from-h1-m20-20/final_parameters.npz
t2b-a-h5,Test 2B,A,H5,RECONSTRUCTABLE_FROM_INTERMEDIATE_CHECKPOINTS,NOT_RECORDED,NOT_RECORDED,SPARSE_CHECKPOINTS,RECONSTRUCTABLE_FROM_INTERMEDIATE_CHECKPOINTS,Direct Y-state held-out learned-quantity curves: CHEAP from saved Y arrays. Direct X-state curves: MODERATE one-time read-only X array extraction. Objective-specific feasibility is recorded separately.,RECONSTRUCTABLE_FROM_INTERMEDIATE_CHECKPOINTS,No held-out recursive-objective history or cached held-out rollout tape was found.,"Define held-out windows/denominator by the training convention, then run the DIMSWE prefix and recursive horizon-5 rollout for every checkpoint (EXPENSIVE as a curve). This is feasible without retraining but is post-hoc, not historically recorded validation.",5,"[0,1,5,10,20]",/Users/arjunsharma/Documents/SandiaProjects/4-LDRDAMDIS/DIMSWE-study-d0eb615/external-results/test2b-rain-active-learning/production/representation-A/h5-from-h2-m20-20/fit_progress.json,/Users/arjunsharma/Documents/SandiaProjects/4-LDRDAMDIS/DIMSWE-study-d0eb615/external-results/test2b-rain-active-learning/production/representation-A/h5-from-h2-m20-20/final_parameters.npz
t2b-b-m1x,Test 2B,B,M1-X,RECONSTRUCTABLE_FROM_INTERMEDIATE_CHECKPOINTS,NOT_RECORDED,NOT_RECORDED,SPARSE_CHECKPOINTS,RECONSTRUCTABLE_FROM_INTERMEDIATE_CHECKPOINTS,Direct Y-state held-out learned-quantity curves: CHEAP from saved Y arrays. Direct X-state curves: MODERATE one-time read-only X array extraction. Objective-specific feasibility is recorded separately.,RECONSTRUCTABLE_FROM_INTERMEDIATE_CHECKPOINTS,Pure network inference on fixed local arrays.,"Y support is already cached (CHEAP); X training is cached and held-out X needs one read-only extraction pass (MODERATE, no time integration).",10,"[0,1,5,10,20,100,500,1000,5000,10000]",/Users/arjunsharma/Documents/SandiaProjects/4-LDRDAMDIS/DIMSWE-study-d0eb615/external-results/test2b-rain-active-learning/production/representation-B/m1-seed0-m20-10k/fit_progress.json,/Users/arjunsharma/Documents/SandiaProjects/4-LDRDAMDIS/DIMSWE-study-d0eb615/external-results/test2b-rain-active-learning/production/representation-B/m1-seed0-m20-10k/final_parameters.npz
t2b-b-m2x-independent,Test 2B,B,M2-X,RECONSTRUCTABLE_FROM_INTERMEDIATE_CHECKPOINTS,NOT_RECORDED,NOT_RECORDED,SPARSE_CHECKPOINTS,RECONSTRUCTABLE_FROM_INTERMEDIATE_CHECKPOINTS,Direct Y-state held-out learned-quantity curves: CHEAP from saved Y arrays. Direct X-state curves: MODERATE one-time read-only X array extraction. Objective-specific feasibility is recorded separately.,RECONSTRUCTABLE_FROM_INTERMEDIATE_CHECKPOINTS,No held-out M2-X state-map cache/denominator was found.,"Define the held-out analogue with the training denominator convention, prepare held-out X features/rates, and evaluate the fixed source-to-state map; one-time Firedrake data extraction, no recursive rollout (MODERATE). This is post-hoc, not a historically recorded validation protocol.",10,"[0,1,5,10,20,100,500,1000,5000,10000]",/Users/arjunsharma/Documents/SandiaProjects/4-LDRDAMDIS/DIMSWE-study-d0eb615/external-results/test2b-rain-active-learning/production/representation-B/m2x-seed0-m20-10k/fit_progress.json,/Users/arjunsharma/Documents/SandiaProjects/4-LDRDAMDIS/DIMSWE-study-d0eb615/external-results/test2b-rain-active-learning/production/representation-B/m2x-seed0-m20-10k/final_parameters.npz
t2b-b-m2x-warm,Test 2B,B,M2-X,RECONSTRUCTABLE_FROM_INTERMEDIATE_CHECKPOINTS,NOT_RECORDED,NOT_RECORDED,SPARSE_CHECKPOINTS,RECONSTRUCTABLE_FROM_INTERMEDIATE_CHECKPOINTS,Direct Y-state held-out learned-quantity curves: CHEAP from saved Y arrays. Direct X-state curves: MODERATE one-time read-only X array extraction. Objective-specific feasibility is recorded separately.,RECONSTRUCTABLE_FROM_INTERMEDIATE_CHECKPOINTS,No held-out M2-X state-map cache/denominator was found.,"Define the held-out analogue with the training denominator convention, prepare held-out X features/rates, and evaluate the fixed source-to-state map; one-time Firedrake data extraction, no recursive rollout (MODERATE). This is post-hoc, not a historically recorded validation protocol.",9,"[0,1,5,10,20,100,500,1000,5000]",/Users/arjunsharma/Documents/SandiaProjects/4-LDRDAMDIS/DIMSWE-study-d0eb615/external-results/test2b-rain-active-learning/production/representation-B/m1-to-m2x-m20-5k/fit_progress.json,/Users/arjunsharma/Documents/SandiaProjects/4-LDRDAMDIS/DIMSWE-study-d0eb615/external-results/test2b-rain-active-learning/production/representation-B/m1-to-m2x-m20-5k/final_parameters.npz
t2b-b-h1,Test 2B,B,H1,RECONSTRUCTABLE_FROM_INTERMEDIATE_CHECKPOINTS,NOT_RECORDED,NOT_RECORDED,SPARSE_CHECKPOINTS,RECONSTRUCTABLE_FROM_INTERMEDIATE_CHECKPOINTS,Direct Y-state held-out learned-quantity curves: CHEAP from saved Y arrays. Direct X-state curves: MODERATE one-time read-only X array extraction. Objective-specific feasibility is recorded separately.,RECONSTRUCTABLE_FROM_INTERMEDIATE_CHECKPOINTS,Fixed Y features/A/R and mesh mapping suffice once the held-out normalization convention is frozen.,Existing held-out Y arrays plus historical fixed matrices; pure offline inference/map application (CHEAP-to-MODERATE).,9,"[0,1,5,10,20,100,500,1000,5000]",/Users/arjunsharma/Documents/SandiaProjects/4-LDRDAMDIS/DIMSWE-study-d0eb615/external-results/test2b-rain-active-learning/production/representation-B/h1-from-m1-m20-5k/fit_progress.json,/Users/arjunsharma/Documents/SandiaProjects/4-LDRDAMDIS/DIMSWE-study-d0eb615/external-results/test2b-rain-active-learning/production/representation-B/h1-from-m1-m20-5k/final_parameters.npz
t2b-b-h2,Test 2B,B,H2,RECONSTRUCTABLE_FROM_INTERMEDIATE_CHECKPOINTS,NOT_RECORDED,NOT_RECORDED,SPARSE_CHECKPOINTS,RECONSTRUCTABLE_FROM_INTERMEDIATE_CHECKPOINTS,Direct Y-state held-out learned-quantity curves: CHEAP from saved Y arrays. Direct X-state curves: MODERATE one-time read-only X array extraction. Objective-specific feasibility is recorded separately.,RECONSTRUCTABLE_FROM_INTERMEDIATE_CHECKPOINTS,No held-out recursive-objective history or cached held-out rollout tape was found.,"Define held-out windows/denominator by the training convention, then run the DIMSWE prefix and recursive horizon-2 rollout for every checkpoint (EXPENSIVE as a curve). This is feasible without retraining but is post-hoc, not historically recorded validation.",5,"[0,1,5,10,20]",/Users/arjunsharma/Documents/SandiaProjects/4-LDRDAMDIS/DIMSWE-study-d0eb615/external-results/test2b-rain-active-learning/production/representation-B/h2-from-h1-m20-20/fit_progress.json,/Users/arjunsharma/Documents/SandiaProjects/4-LDRDAMDIS/DIMSWE-study-d0eb615/external-results/test2b-rain-active-learning/production/representation-B/h2-from-h1-m20-20/final_parameters.npz
t2b-b-h5,Test 2B,B,H5,RECONSTRUCTABLE_FROM_INTERMEDIATE_CHECKPOINTS,NOT_RECORDED,NOT_RECORDED,SPARSE_CHECKPOINTS,RECONSTRUCTABLE_FROM_INTERMEDIATE_CHECKPOINTS,Direct Y-state held-out learned-quantity curves: CHEAP from saved Y arrays. Direct X-state curves: MODERATE one-time read-only X array extraction. Objective-specific feasibility is recorded separately.,RECONSTRUCTABLE_FROM_INTERMEDIATE_CHECKPOINTS,No held-out recursive-objective history or cached held-out rollout tape was found.,"Define held-out windows/denominator by the training convention, then run the DIMSWE prefix and recursive horizon-5 rollout for every checkpoint (EXPENSIVE as a curve). This is feasible without retraining but is post-hoc, not historically recorded validation.",5,"[0,1,5,10,20]",/Users/arjunsharma/Documents/SandiaProjects/4-LDRDAMDIS/DIMSWE-study-d0eb615/external-results/test2b-rain-active-learning/production/representation-B/h5-from-h2-m20-20/fit_progress.json,/Users/arjunsharma/Documents/SandiaProjects/4-LDRDAMDIS/DIMSWE-study-d0eb615/external-results/test2b-rain-active-learning/production/representation-B/h5-from-h2-m20-20/final_parameters.npz
t2b-c-m1x,Test 2B,C,M1-X,RECONSTRUCTABLE_FROM_INTERMEDIATE_CHECKPOINTS,NOT_RECORDED,NOT_RECORDED,SPARSE_CHECKPOINTS,RECONSTRUCTABLE_FROM_INTERMEDIATE_CHECKPOINTS,Direct Y-state held-out learned-quantity curves: CHEAP from saved Y arrays. Direct X-state curves: MODERATE one-time read-only X array extraction. Objective-specific feasibility is recorded separately.,RECONSTRUCTABLE_FROM_INTERMEDIATE_CHECKPOINTS,Pure network inference on fixed local arrays.,"Y support is already cached (CHEAP); X training is cached and held-out X needs one read-only extraction pass (MODERATE, no time integration).",10,"[0,1,5,10,20,100,500,1000,5000,10000]",/Users/arjunsharma/Documents/SandiaProjects/4-LDRDAMDIS/DIMSWE-study-d0eb615/external-results/test2b-rain-active-learning/production/representation-C/m1-seed0-m20-10k/fit_progress.json,/Users/arjunsharma/Documents/SandiaProjects/4-LDRDAMDIS/DIMSWE-study-d0eb615/external-results/test2b-rain-active-learning/production/representation-C/m1-seed0-m20-10k/final_parameters.npz
t2b-c-m2x-independent,Test 2B,C,M2-X,RECONSTRUCTABLE_FROM_INTERMEDIATE_CHECKPOINTS,NOT_RECORDED,NOT_RECORDED,SPARSE_CHECKPOINTS,RECONSTRUCTABLE_FROM_INTERMEDIATE_CHECKPOINTS,Direct Y-state held-out learned-quantity curves: CHEAP from saved Y arrays. Direct X-state curves: MODERATE one-time read-only X array extraction. Objective-specific feasibility is recorded separately.,RECONSTRUCTABLE_FROM_INTERMEDIATE_CHECKPOINTS,No held-out M2-X state-map cache/denominator was found.,"Define the held-out analogue with the training denominator convention, prepare held-out X features/rates, and evaluate the fixed source-to-state map; one-time Firedrake data extraction, no recursive rollout (MODERATE). This is post-hoc, not a historically recorded validation protocol.",10,"[0,1,5,10,20,100,500,1000,5000,10000]",/Users/arjunsharma/Documents/SandiaProjects/4-LDRDAMDIS/DIMSWE-study-d0eb615/external-results/test2b-rain-active-learning/production/representation-C/m2x-seed0-m20-10k/fit_progress.json,/Users/arjunsharma/Documents/SandiaProjects/4-LDRDAMDIS/DIMSWE-study-d0eb615/external-results/test2b-rain-active-learning/production/representation-C/m2x-seed0-m20-10k/final_parameters.npz
t2b-c-m2x-warm,Test 2B,C,M2-X,RECONSTRUCTABLE_FROM_INTERMEDIATE_CHECKPOINTS,NOT_RECORDED,NOT_RECORDED,SPARSE_CHECKPOINTS,RECONSTRUCTABLE_FROM_INTERMEDIATE_CHECKPOINTS,Direct Y-state held-out learned-quantity curves: CHEAP from saved Y arrays. Direct X-state curves: MODERATE one-time read-only X array extraction. Objective-specific feasibility is recorded separately.,RECONSTRUCTABLE_FROM_INTERMEDIATE_CHECKPOINTS,No held-out M2-X state-map cache/denominator was found.,"Define the held-out analogue with the training denominator convention, prepare held-out X features/rates, and evaluate the fixed source-to-state map; one-time Firedrake data extraction, no recursive rollout (MODERATE). This is post-hoc, not a historically recorded validation protocol.",9,"[0,1,5,10,20,100,500,1000,5000]",/Users/arjunsharma/Documents/SandiaProjects/4-LDRDAMDIS/DIMSWE-study-d0eb615/external-results/test2b-rain-active-learning/production/representation-C/m1-to-m2x-m20-5k/fit_progress.json,/Users/arjunsharma/Documents/SandiaProjects/4-LDRDAMDIS/DIMSWE-study-d0eb615/external-results/test2b-rain-active-learning/production/representation-C/m1-to-m2x-m20-5k/final_parameters.npz
t2b-c-h1,Test 2B,C,H1,RECONSTRUCTABLE_FROM_INTERMEDIATE_CHECKPOINTS,NOT_RECORDED,NOT_RECORDED,SPARSE_CHECKPOINTS,RECONSTRUCTABLE_FROM_INTERMEDIATE_CHECKPOINTS,Direct Y-state held-out learned-quantity curves: CHEAP from saved Y arrays. Direct X-state curves: MODERATE one-time read-only X array extraction. Objective-specific feasibility is recorded separately.,RECONSTRUCTABLE_FROM_INTERMEDIATE_CHECKPOINTS,Fixed Y features/A/R and mesh mapping suffice once the held-out normalization convention is frozen.,Existing held-out Y arrays plus historical fixed matrices; pure offline inference/map application (CHEAP-to-MODERATE).,9,"[0,1,5,10,20,100,500,1000,5000]",/Users/arjunsharma/Documents/SandiaProjects/4-LDRDAMDIS/DIMSWE-study-d0eb615/external-results/test2b-rain-active-learning/production/representation-C/h1-from-m1-m20-5k/fit_progress.json,/Users/arjunsharma/Documents/SandiaProjects/4-LDRDAMDIS/DIMSWE-study-d0eb615/external-results/test2b-rain-active-learning/production/representation-C/h1-from-m1-m20-5k/final_parameters.npz
t2b-c-h2,Test 2B,C,H2,RECONSTRUCTABLE_FROM_INTERMEDIATE_CHECKPOINTS,NOT_RECORDED,NOT_RECORDED,SPARSE_CHECKPOINTS,RECONSTRUCTABLE_FROM_INTERMEDIATE_CHECKPOINTS,Direct Y-state held-out learned-quantity curves: CHEAP from saved Y arrays. Direct X-state curves: MODERATE one-time read-only X array extraction. Objective-specific feasibility is recorded separately.,RECONSTRUCTABLE_FROM_INTERMEDIATE_CHECKPOINTS,No held-out recursive-objective history or cached held-out rollout tape was found.,"Define held-out windows/denominator by the training convention, then run the DIMSWE prefix and recursive horizon-2 rollout for every checkpoint (EXPENSIVE as a curve). This is feasible without retraining but is post-hoc, not historically recorded validation.",5,"[0,1,5,10,20]",/Users/arjunsharma/Documents/SandiaProjects/4-LDRDAMDIS/DIMSWE-study-d0eb615/external-results/test2b-rain-active-learning/production/representation-C/h2-from-h1-m20-20/fit_progress.json,/Users/arjunsharma/Documents/SandiaProjects/4-LDRDAMDIS/DIMSWE-study-d0eb615/external-results/test2b-rain-active-learning/production/representation-C/h2-from-h1-m20-20/final_parameters.npz
t2b-c-h5,Test 2B,C,H5,RECONSTRUCTABLE_FROM_INTERMEDIATE_CHECKPOINTS,NOT_RECORDED,NOT_RECORDED,SPARSE_CHECKPOINTS,RECONSTRUCTABLE_FROM_INTERMEDIATE_CHECKPOINTS,Direct Y-state held-out learned-quantity curves: CHEAP from saved Y arrays. Direct X-state curves: MODERATE one-time read-only X array extraction. Objective-specific feasibility is recorded separately.,RECONSTRUCTABLE_FROM_INTERMEDIATE_CHECKPOINTS,No held-out recursive-objective history or cached held-out rollout tape was found.,"Define held-out windows/denominator by the training convention, then run the DIMSWE prefix and recursive horizon-5 rollout for every checkpoint (EXPENSIVE as a curve). This is feasible without retraining but is post-hoc, not historically recorded validation.",5,"[0,1,5,10,20]",/Users/arjunsharma/Documents/SandiaProjects/4-LDRDAMDIS/DIMSWE-study-d0eb615/external-results/test2b-rain-active-learning/production/representation-C/h5-from-h2-m20-20/fit_progress.json,/Users/arjunsharma/Documents/SandiaProjects/4-LDRDAMDIS/DIMSWE-study-d0eb615/external-results/test2b-rain-active-learning/production/representation-C/h5-from-h2-m20-20/final_parameters.npz
t2b-btp-m1x-ablation,Test 2B,BTP,M1-X,RECONSTRUCTABLE_FROM_INTERMEDIATE_CHECKPOINTS,NOT_RECORDED,NOT_RECORDED,SPARSE_CHECKPOINTS,RECONSTRUCTABLE_FROM_INTERMEDIATE_CHECKPOINTS,Direct Y-state held-out learned-quantity curves: CHEAP from saved Y arrays. Direct X-state curves: MODERATE one-time read-only X array extraction. Objective-specific feasibility is recorded separately.,RECONSTRUCTABLE_FROM_INTERMEDIATE_CHECKPOINTS,Pure network inference on fixed local arrays.,"Y support is already cached (CHEAP); X training is cached and held-out X needs one read-only extraction pass (MODERATE, no time integration).",10,"[0,1,5,10,20,100,500,1000,5000,10000]",/Users/arjunsharma/Documents/SandiaProjects/4-LDRDAMDIS/DIMSWE-study-d0eb615/external-results/test2b-rain-active-learning/production/representation-BTP/m1-seed0-m20-10k/fit_progress.json,/Users/arjunsharma/Documents/SandiaProjects/4-LDRDAMDIS/DIMSWE-study-d0eb615/external-results/test2b-rain-active-learning/production/representation-BTP/m1-seed0-m20-10k/final_parameters.npz
t2b-btpl-m1x-ablation,Test 2B,BTPL,M1-X,RECONSTRUCTABLE_FROM_INTERMEDIATE_CHECKPOINTS,NOT_RECORDED,NOT_RECORDED,SPARSE_CHECKPOINTS,RECONSTRUCTABLE_FROM_INTERMEDIATE_CHECKPOINTS,Direct Y-state held-out learned-quantity curves: CHEAP from saved Y arrays. Direct X-state curves: MODERATE one-time read-only X array extraction. Objective-specific feasibility is recorded separately.,RECONSTRUCTABLE_FROM_INTERMEDIATE_CHECKPOINTS,Pure network inference on fixed local arrays.,"Y support is already cached (CHEAP); X training is cached and held-out X needs one read-only extraction pass (MODERATE, no time integration).",10,"[0,1,5,10,20,100,500,1000,5000,10000]",/Users/arjunsharma/Documents/SandiaProjects/4-LDRDAMDIS/DIMSWE-study-d0eb615/external-results/test2b-rain-active-learning/production/representation-BTPL/m1-seed0-m20-10k/fit_progress.json,/Users/arjunsharma/Documents/SandiaProjects/4-LDRDAMDIS/DIMSWE-study-d0eb615/external-results/test2b-rain-active-learning/production/representation-BTPL/m1-seed0-m20-10k/final_parameters.npz
t2b-a-m1y,Test 2B,A,M1-Y,RECONSTRUCTABLE_FROM_INTERMEDIATE_CHECKPOINTS,NOT_RECORDED,NOT_RECORDED,SPARSE_CHECKPOINTS,RECONSTRUCTABLE_FROM_INTERMEDIATE_CHECKPOINTS,Direct Y-state held-out learned-quantity curves: CHEAP from saved Y arrays. Direct X-state curves: MODERATE one-time read-only X array extraction. Objective-specific feasibility is recorded separately.,RECONSTRUCTABLE_FROM_INTERMEDIATE_CHECKPOINTS,Pure network inference on fixed local arrays.,"Y support is already cached (CHEAP); X training is cached and held-out X needs one read-only extraction pass (MODERATE, no time integration).",10,"[0,1,5,10,20,100,500,1000,5000,10000]",/Users/arjunsharma/Documents/SandiaProjects/4-LDRDAMDIS/DIMSWE-feature-study-20260828/m1y_test2b_20260828_workspace/external-results/m1y-test2b-20260828/production/representation-A/m1y-seed0-m20-10k/fit_progress.json,/Users/arjunsharma/Documents/SandiaProjects/4-LDRDAMDIS/DIMSWE-feature-study-20260828/m1y_test2b_20260828_workspace/external-results/m1y-test2b-20260828/production/representation-A/m1y-seed0-m20-10k/final_parameters.npz
t2b-b-m1y,Test 2B,B,M1-Y,RECONSTRUCTABLE_FROM_INTERMEDIATE_CHECKPOINTS,NOT_RECORDED,NOT_RECORDED,SPARSE_CHECKPOINTS,RECONSTRUCTABLE_FROM_INTERMEDIATE_CHECKPOINTS,Direct Y-state held-out learned-quantity curves: CHEAP from saved Y arrays. Direct X-state curves: MODERATE one-time read-only X array extraction. Objective-specific feasibility is recorded separately.,RECONSTRUCTABLE_FROM_INTERMEDIATE_CHECKPOINTS,Pure network inference on fixed local arrays.,"Y support is already cached (CHEAP); X training is cached and held-out X needs one read-only extraction pass (MODERATE, no time integration).",10,"[0,1,5,10,20,100,500,1000,5000,10000]",/Users/arjunsharma/Documents/SandiaProjects/4-LDRDAMDIS/DIMSWE-feature-study-20260828/m1y_test2b_20260828_workspace/external-results/m1y-test2b-20260828/production/representation-B/m1y-seed0-m20-10k/fit_progress.json,/Users/arjunsharma/Documents/SandiaProjects/4-LDRDAMDIS/DIMSWE-feature-study-20260828/m1y_test2b_20260828_workspace/external-results/m1y-test2b-20260828/production/representation-B/m1y-seed0-m20-10k/final_parameters.npz
t2b-c-m1y,Test 2B,C,M1-Y,RECONSTRUCTABLE_FROM_INTERMEDIATE_CHECKPOINTS,NOT_RECORDED,NOT_RECORDED,SPARSE_CHECKPOINTS,RECONSTRUCTABLE_FROM_INTERMEDIATE_CHECKPOINTS,Direct Y-state held-out learned-quantity curves: CHEAP from saved Y arrays. Direct X-state curves: MODERATE one-time read-only X array extraction. Objective-specific feasibility is recorded separately.,RECONSTRUCTABLE_FROM_INTERMEDIATE_CHECKPOINTS,Pure network inference on fixed local arrays.,"Y support is already cached (CHEAP); X training is cached and held-out X needs one read-only extraction pass (MODERATE, no time integration).",10,"[0,1,5,10,20,100,500,1000,5000,10000]",/Users/arjunsharma/Documents/SandiaProjects/4-LDRDAMDIS/DIMSWE-feature-study-20260828/m1y_test2b_20260828_workspace/external-results/m1y-test2b-20260828/production/representation-C/m1y-seed0-m20-10k/fit_progress.json,/Users/arjunsharma/Documents/SandiaProjects/4-LDRDAMDIS/DIMSWE-feature-study-20260828/m1y_test2b_20260828_workspace/external-results/m1y-test2b-20260828/production/representation-C/m1y-seed0-m20-10k/final_parameters.npz
